sector,query,title,source,published,summary,link
Data Centers,data center REIT AI demand OR EQIX OR DLR,"7 Best Data Center Stocks, ETFs and REITs to Buy | Investing - U.S. News - Money",U.S. News - Money,"Thu, 28 May 2026 19:21:00 GMT","<a href=""https://news.google.com/rss/articles/CBMidkFVX3lxTFBQVlEtUGdBN0dkZkI1N0d0djdKN0xzVE10N0xBemhGQ2lJRHVfSjY3ZGQwMDhxZGRCb1B0b21kR1RNTFJxbHV1d3c5WFcyVF85ME5NRjRwX3hZblNZelFrN3lmT0hVdWIyVnM5MnhBNG5vS2h6b3c?oc=5"" target=""_blank"">7 Best Data Center Stocks, ETFs and REITs to Buy | Investing</a>&nbsp;&nbsp;<font color=""#6f6f6f"">U.S. News - Money</font>",https://news.google.com/rss/articles/CBMidkFVX3lxTFBQVlEtUGdBN0dkZkI1N0d0djdKN0xzVE10N0xBemhGQ2lJRHVfSjY3ZGQwMDhxZGRCb1B0b21kR1RNTFJxbHV1d3c5WFcyVF85ME5NRjRwX3hZblNZelFrN3lmT0hVdWIyVnM5MnhBNG5vS2h6b3c?oc=5
Data Centers,data center REIT AI demand OR EQIX OR DLR,3 Ways to Play the Data Center Land Grab - Yahoo Finance,Yahoo Finance,"Sun, 31 May 2026 15:05:00 GMT","<a href=""https://news.google.com/rss/articles/CBMikgFBVV95cUxQMnE4Y09rX2VlUWM2cGFaWTRPR2VwQmhaOEx5UGEwd3h3c3RfTU9LRV9nWW9LQW42UkRyV0RoYlh4RUN5RXRsNnNHQm52aFZFdlZYT0huenNtWW1hYXVMT2IxSV8tNm1oMndybDdfdmxsdmxReGQ2UkV1M3V2THdhd19jVllvNHZLRUVnNkw3aVVIUQ?oc=5"" target=""_blank"">3 Ways to Play the Data Center Land Grab</a>&nbsp;&nbsp;<font color=""#6f6f6f"">Yahoo Finance</font>",https://news.google.com/rss/articles/CBMikgFBVV95cUxQMnE4Y09rX2VlUWM2cGFaWTRPR2VwQmhaOEx5UGEwd3h3c3RfTU9LRV9nWW9LQW42UkRyV0RoYlh4RUN5RXRsNnNHQm52aFZFdlZYT0huenNtWW1hYXVMT2IxSV8tNm1oMndybDdfdmxsdmxReGQ2UkV1M3V2THdhd19jVllvNHZLRUVnNkw3aVVIUQ?oc=5
Data Centers,data center REIT AI demand OR EQIX OR DLR,Data Center REITs: One Of My Highest-Conviction Calls - Seeking Alpha,Seeking Alpha,"Mon, 18 May 2026 07:00:00 GMT","<a href=""https://news.google.com/rss/articles/CBMimAFBVV95cUxOdEN5QmJwcFcyMjBvY211ZWRHYXQ0SVpxNng4VkVhQTNJS016WGJYY2xDM1V6TjdzRkN5bHFGQnBCVzBhMUZQNEJweUpDZ0w1emNGcWUzMUJDXzN3VnRQMnJRdUZpa2Rlbnl4dzVvTU5EUnpWVk1PRmplRzgtM0xhXzJsSkE5eFRkbGtaQTRJalFfRXFpMWtOZg?oc=5"" target=""_blank"">Data Center REITs: One Of My Highest-Conviction Calls</a>&nbsp;&nbsp;<font color=""#6f6f6f"">Seeking Alpha</font>",https://news.google.com/rss/articles/CBMimAFBVV95cUxOdEN5QmJwcFcyMjBvY211ZWRHYXQ0SVpxNng4VkVhQTNJS016WGJYY2xDM1V6TjdzRkN5bHFGQnBCVzBhMUZQNEJweUpDZ0w1emNGcWUzMUJDXzN3VnRQMnJRdUZpa2Rlbnl4dzVvTU5EUnpWVk1PRmplRzgtM0xhXzJsSkE5eFRkbGtaQTRJalFfRXFpMWtOZg?oc=5
Data Centers,data center REIT AI demand OR EQIX OR DLR,Top AI Data Center REITs in 2026: Why DLR and EQIX Are the AI Infrastructure Plays to Watch - MarketWise,MarketWise,"Mon, 16 Mar 2026 07:00:00 GMT","<a href=""https://news.google.com/rss/articles/CBMif0FVX3lxTFBtWUJZZzMyMTgyTkZoVG9jOVd4LVhOOU5GRXdWN1hOLWVhLVE1SmRraGlURkZ1Q2dEcHVhSzliaUl5WTNDaTdmN2g4cG1sTVp3X1F4dHZkSHRXbWdLM25XV2drMzhtZWM2TDJ4QkVvOHEtcWxiNHFhU3FsTUJnMWM?oc=5"" target=""_blank"">Top AI Data Center REITs in 2026: Why DLR and EQIX Are the AI Infrastructure Plays to Watch</a>&nbsp;&nbsp;<font color=""#6f6f6f"">MarketWise</font>",https://news.google.com/rss/articles/CBMif0FVX3lxTFBtWUJZZzMyMTgyTkZoVG9jOVd4LVhOOU5GRXdWN1hOLWVhLVE1SmRraGlURkZ1Q2dEcHVhSzliaUl5WTNDaTdmN2g4cG1sTVp3X1F4dHZkSHRXbWdLM25XV2drMzhtZWM2TDJ4QkVvOHEtcWxiNHFhU3FsTUJnMWM?oc=5
Data Centers,data center REIT AI demand OR EQIX OR DLR,Blackstone Launches $1.74bn Data Centre REIT IPO - Banking Exchange,Banking Exchange,"Tue, 05 May 2026 07:00:00 GMT","<a href=""https://news.google.com/rss/articles/CBMiogFBVV95cUxPUVNtSTNrNXhEMUhhVV9HcGg0Vm9KUVozNGdscUFXTFJVby1rMDJ6RWZUZDltODltYW00TXlseFRISEF4Ujc0Zk41WDVISmdoMjhpSV9xQzZTZHpXT1JqRnMyZl9EU3huUzM1VWp0Y3Nub2dLUGJCcXlObk5ucVMzdXVabHBWV0x5cnFXWEdwdkt0eEhWckFuV2txZWdYRWs1ZlE?oc=5"" target=""_blank"">Blackstone Launches $1.74bn Data Centre REIT IPO</a>&nbsp;&nbsp;<font color=""#6f6f6f"">Banking Exchange</font>",https://news.google.com/rss/articles/CBMiogFBVV95cUxPUVNtSTNrNXhEMUhhVV9HcGg0Vm9KUVozNGdscUFXTFJVby1rMDJ6RWZUZDltODltYW00TXlseFRISEF4Ujc0Zk41WDVISmdoMjhpSV9xQzZTZHpXT1JqRnMyZl9EU3huUzM1VWp0Y3Nub2dLUGJCcXlObk5ucVMzdXVabHBWV0x5cnFXWEdwdkt0eEhWckFuV2txZWdYRWs1ZlE?oc=5
Healthcare,healthcare REIT senior housing OR WELL OR VTR,American Healthcare REIT Bets on Managed Senior Housing for Next Phase of Growth - Nareit,Nareit,"Mon, 12 Jan 2026 08:00:00 GMT","<a href=""https://news.google.com/rss/articles/CBMipAFBVV95cUxORlRvTWpDQnVMZUFqb1NBWldLZkE1WEhHWC11QnpfLVdrRnliMDEyd2sxY2YwbUFqYUxJOHhMa01Xb3ZRUWZlQ1lIZHFNVXluTU5wcGdtWDRfQzNieENpUGRsWDgzUUxmZmt1OEIzTTZyWEI3SDVKY3pVMzRWNHYxbXdDRVRwa1FPRVRDaGlwNGdFa2hOQnB0OFVMNnZab0NkOWUzeQ?oc=5"" target=""_blank"">American Healthcare REIT Bets on Managed Senior Housing for Next Phase of Growth</a>&nbsp;&nbsp;<font color=""#6f6f6f"">Nareit</font>",https://news.google.com/rss/articles/CBMipAFBVV95cUxORlRvTWpDQnVMZUFqb1NBWldLZkE1WEhHWC11QnpfLVdrRnliMDEyd2sxY2YwbUFqYUxJOHhMa01Xb3ZRUWZlQ1lIZHFNVXluTU5wcGdtWDRfQzNieENpUGRsWDgzUUxmZmt1OEIzTTZyWEI3SDVKY3pVMzRWNHYxbXdDRVRwa1FPRVRDaGlwNGdFa2hOQnB0OFVMNnZab0NkOWUzeQ?oc=5
Healthcare,healthcare REIT senior housing OR WELL OR VTR,‘Everything We’re Buying Is SHOP’: American Healthcare REIT Eyes $650M Pipeline - Senior Housing News,Senior Housing News,"Fri, 08 May 2026 20:26:45 GMT","<a href=""https://news.google.com/rss/articles/CBMitwFBVV95cUxPWFFQVG1HdzhVRFRoNXNOc0VuTW5LbXVmSEpuM2pjRUc0NW9UY0kzUWhyTVZFQnh0NWRRNFJLLVh3cVRjXzNmTm1hcnNDM0xKSkFUemNEYjJRZWZYOTFyUV9vWVdGY29WVmR1ZmxmeUllX1NiS2hybHR4a05iY2ViZlZkaXlVNDFuVFFaOUhRU211Ui1yNHpiNVZJNHB1cWc4TXlTLUZxaDhpWWVySEMtUWFGcFh6ajA?oc=5"" target=""_blank"">‘Everything We’re Buying Is SHOP’: American Healthcare REIT Eyes $650M Pipeline</a>&nbsp;&nbsp;<font color=""#6f6f6f"">Senior Housing News</font>",https://news.google.com/rss/articles/CBMitwFBVV95cUxPWFFQVG1HdzhVRFRoNXNOc0VuTW5LbXVmSEpuM2pjRUc0NW9UY0kzUWhyTVZFQnh0NWRRNFJLLVh3cVRjXzNmTm1hcnNDM0xKSkFUemNEYjJRZWZYOTFyUV9vWVdGY29WVmR1ZmxmeUllX1NiS2hybHR4a05iY2ViZlZkaXlVNDFuVFFaOUhRU211Ui1yNHpiNVZJNHB1cWc4TXlTLUZxaDhpWWVySEMtUWFGcFh6ajA?oc=5
Healthcare,healthcare REIT senior housing OR WELL OR VTR,Sabra Health Care REIT (NASDAQ: SBRA) outlines $277M deals and $7.8B value - Stock Titan,Stock Titan,"Thu, 28 May 2026 20:05:22 GMT","<a href=""https://news.google.com/rss/articles/CBMitgFBVV95cUxPSEJzT1J3TzlqZG9sZC1jNHRjNFRJX3ZhZ3pZNVVpNWlFRGNrVnNXdHVQN0xhVUZZRF9uV2RYSThGMmdtVGlCazY5VTBwQldBUlR5bkxUTHNHZjFreHBZd0JtUUpXcEdhdl84cjktaE1YeFNmSnN3cE1IdFNoVHdyQlpMbnJmcnUwSkJ0a3VTYm5ORmRsTVA5RWhWanR5TmtfeEF2MmhpYk9EN2VpSHViRHpTbEVFZw?oc=5"" target=""_blank"">Sabra Health Care REIT (NASDAQ: SBRA) outlines $277M deals and $7.8B value</a>&nbsp;&nbsp;<font color=""#6f6f6f"">Stock Titan</font>",https://news.google.com/rss/articles/CBMitgFBVV95cUxPSEJzT1J3TzlqZG9sZC1jNHRjNFRJX3ZhZ3pZNVVpNWlFRGNrVnNXdHVQN0xhVUZZRF9uV2RYSThGMmdtVGlCazY5VTBwQldBUlR5bkxUTHNHZjFreHBZd0JtUUpXcEdhdl84cjktaE1YeFNmSnN3cE1IdFNoVHdyQlpMbnJmcnUwSkJ0a3VTYm5ORmRsTVA5RWhWanR5TmtfeEF2MmhpYk9EN2VpSHViRHpTbEVFZw?oc=5
Healthcare,healthcare REIT senior housing OR WELL OR VTR,News | Global healthcare REIT closes on senior housing facility in Boulder - CoStar,CoStar,"Tue, 19 May 2026 20:35:47 GMT","<a href=""https://news.google.com/rss/articles/CBMirAFBVV95cUxNRHVOd2ZReTE0V1J4UFgyN2pmemlnMzFaX255czVjQl9MeFN0MUFQVFI1UXZfeE9jMXM0eHViZGFRaWhyWGdiNEx2YXVIQXk5eVRlRkRmQ2tmZUpfRVhFWERmNVhIcGlOd1ZRZEtLSHplR0xDUVJPc3RZbUJUNURNaWpWMjRnZ202WkI2TF9pc01VTHNXeWpPZkQ5ZnZKZ0VvVzFvUmIwaU1LaVl5?oc=5"" target=""_blank"">News | Global healthcare REIT closes on senior housing facility in Boulder</a>&nbsp;&nbsp;<font color=""#6f6f6f"">CoStar</font>",https://news.google.com/rss/articles/CBMirAFBVV95cUxNRHVOd2ZReTE0V1J4UFgyN2pmemlnMzFaX255czVjQl9MeFN0MUFQVFI1UXZfeE9jMXM0eHViZGFRaWhyWGdiNEx2YXVIQXk5eVRlRkRmQ2tmZUpfRVhFWERmNVhIcGlOd1ZRZEtLSHplR0xDUVJPc3RZbUJUNURNaWpWMjRnZ202WkI2TF9pc01VTHNXeWpPZkQ5ZnZKZ0VvVzFvUmIwaU1LaVl5?oc=5
Healthcare,healthcare REIT senior housing OR WELL OR VTR,How Senior Housing and Warehouses Defend Monthly Payouts Today - 24/7 Wall St.,24/7 Wall St.,"Sat, 30 May 2026 16:39:10 GMT","<a href=""https://news.google.com/rss/articles/CBMiqgFBVV95cUxOUl9tMDNSTkV5RXBoR3hveGhwcnVhQ1hHNWpvazQ2N05WM0RsQWotSWJ0Z1FmWHg0VVc2ZnFsM1hJQmxDV2JianR5LXJDSFRvZkZ1Mm1OeW9EVVlQUFdQenNOeWE5cWxBakhIWEtTeC1tdml3eTBpRUhSWW8xVlRzYzNkbkd0YUdvM21GZ1RXT1JCdXYtaXY2MlVOQjhyVmtsVmZnd2R1bXdNQQ?oc=5"" target=""_blank"">How Senior Housing and Warehouses Defend Monthly Payouts Today</a>&nbsp;&nbsp;<font color=""#6f6f6f"">24/7 Wall St.</font>",https://news.google.com/rss/articles/CBMiqgFBVV95cUxOUl9tMDNSTkV5RXBoR3hveGhwcnVhQ1hHNWpvazQ2N05WM0RsQWotSWJ0Z1FmWHg0VVc2ZnFsM1hJQmxDV2JianR5LXJDSFRvZkZ1Mm1OeW9EVVlQUFdQenNOeWE5cWxBakhIWEtTeC1tdml3eTBpRUhSWW8xVlRzYzNkbkd0YUdvM21GZ1RXT1JCdXYtaXY2MlVOQjhyVmtsVmZnd2R1bXdNQQ?oc=5
Industrial,industrial REIT logistics warehouse OR PLD OR FR,Logistics REITs Ride Warehouse and Storage Demand In Real Estate - Kalkine Media,Kalkine Media,"Wed, 27 May 2026 23:18:00 GMT","<a href=""https://news.google.com/rss/articles/CBMiygFBVV95cUxPS1NWb2lTSlR4U2RYYW82OVZIbVlvRWttZjdEcXA0Q0JzYVRvd3dYcHF5ZFgweFF5OEd2amc3SWlRM1pseDJ0Tk5yUEl5SkVFY1J2dzRBa0Jvb0Y1OFhMLWxOWEpPSk9KZS14MFlzaFJCNEEzSXlGWWtqMzlSeU9vSFc3MXhyYjR4am9COWRhbG5YSHBDSlRWR05Jdk5XRFpQNHdzUEdNNFk3aERocDVSUk94NjJKN2RWNGhVNjgyTVhZbi1oUU9BVkZB?oc=5"" target=""_blank"">Logistics REITs Ride Warehouse and Storage Demand In Real Estate</a>&nbsp;&nbsp;<font color=""#6f6f6f"">Kalkine Media</font>",https://news.google.com/rss/articles/CBMiygFBVV95cUxPS1NWb2lTSlR4U2RYYW82OVZIbVlvRWttZjdEcXA0Q0JzYVRvd3dYcHF5ZFgweFF5OEd2amc3SWlRM1pseDJ0Tk5yUEl5SkVFY1J2dzRBa0Jvb0Y1OFhMLWxOWEpPSk9KZS14MFlzaFJCNEEzSXlGWWtqMzlSeU9vSFc3MXhyYjR4am9COWRhbG5YSHBDSlRWR05Jdk5XRFpQNHdzUEdNNFk3aERocDVSUk94NjJKN2RWNGhVNjgyTVhZbi1oUU9BVkZB?oc=5
Industrial,industrial REIT logistics warehouse OR PLD OR FR,7 Best Industrial REITs to Buy Right Now | Investing - U.S. News - Money,U.S. News - Money,"Fri, 24 Apr 2026 07:00:00 GMT","<a href=""https://news.google.com/rss/articles/CBMie0FVX3lxTE5sZ0U5S1dEV0V4VjV6WEgzVnkyUjhtdU5zWVV6MGg1OURBZW1FemRuWm5QeHFtSzNyWTRTOTY1UDFIWDBKNmJ4MWZPcW11dzVPeTZ1UWNPX09yN1NQOGF1dDFLdDEwNGxMZDZyazNnQ0ktWUlnNU11ZmtGWQ?oc=5"" target=""_blank"">7 Best Industrial REITs to Buy Right Now | Investing</a>&nbsp;&nbsp;<font color=""#6f6f6f"">U.S. News - Money</font>",https://news.google.com/rss/articles/CBMie0FVX3lxTE5sZ0U5S1dEV0V4VjV6WEgzVnkyUjhtdU5zWVV6MGg1OURBZW1FemRuWm5QeHFtSzNyWTRTOTY1UDFIWDBKNmJ4MWZPcW11dzVPeTZ1UWNPX09yN1NQOGF1dDFLdDEwNGxMZDZyazNnQ0ktWUlnNU11ZmtGWQ?oc=5
Industrial,industrial REIT logistics warehouse OR PLD OR FR,3 Industrial REITs Well-Positioned to Deliver Strong Growth in 2026 - Yahoo Finance,Yahoo Finance,"Wed, 24 Dec 2025 08:00:00 GMT","<a href=""https://news.google.com/rss/articles/CBMihwFBVV95cUxPYVpaZ3JISEdCVkY0V0hjYzRBRWpTdXZfT0sxUTdoWW9YMTlpOTZnX2VNWGR4bWNreHpoZzNSYzFrT1FsV3FtOWp1VFNKR3hwcWM4TjBGSG9YRDFtOUFFMEthZE91QjhCUENaanlaQ3VmYUJETVI4U3NtYkhDYWJNcjVNb2tMQzg?oc=5"" target=""_blank"">3 Industrial REITs Well-Positioned to Deliver Strong Growth in 2026</a>&nbsp;&nbsp;<font color=""#6f6f6f"">Yahoo Finance</font>",https://news.google.com/rss/articles/CBMihwFBVV95cUxPYVpaZ3JISEdCVkY0V0hjYzRBRWpTdXZfT0sxUTdoWW9YMTlpOTZnX2VNWGR4bWNreHpoZzNSYzFrT1FsV3FtOWp1VFNKR3hwcWM4TjBGSG9YRDFtOUFFMEthZE91QjhCUENaanlaQ3VmYUJETVI4U3NtYkhDYWJNcjVNb2tMQzg?oc=5
Industrial,industrial REIT logistics warehouse OR PLD OR FR,10 of the Best Industrial REITs to Buy Today - TIKR.com,TIKR.com,"Thu, 11 Sep 2025 07:00:00 GMT","<a href=""https://news.google.com/rss/articles/CBMiekFVX3lxTFBpWlFpWktxd0xPdU9fWGhKbXprM3hJVkFkd01EazRzb1ZlYkpCdV9rRkxXZEtjM3pWU3NfcGpXZDVBbDd3X1JkWVJBZUxzSXJuek9LN0ZqWHBEODN0T1UyRmNvVDRKVHJYTkxCVmw0eDNVMDdYWVZWdkZ3?oc=5"" target=""_blank"">10 of the Best Industrial REITs to Buy Today</a>&nbsp;&nbsp;<font color=""#6f6f6f"">TIKR.com</font>",https://news.google.com/rss/articles/CBMiekFVX3lxTFBpWlFpWktxd0xPdU9fWGhKbXprM3hJVkFkd01EazRzb1ZlYkpCdV9rRkxXZEtjM3pWU3NfcGpXZDVBbDd3X1JkWVJBZUxzSXJuek9LN0ZqWHBEODN0T1UyRmNvVDRKVHJYTkxCVmw0eDNVMDdYWVZWdkZ3?oc=5
Industrial,industrial REIT logistics warehouse OR PLD OR FR,News | Blackstone's Warehouse REIT portfolio prepared for CMBS financing - CoStar,CoStar,"Thu, 11 Dec 2025 08:00:00 GMT","<a href=""https://news.google.com/rss/articles/CBMiqAFBVV95cUxPY25oaUIzTXJCTHN1NGVSazVNTE9kcUJSdXhUWjF2d0dVMXUxamNaNnhRT2tjNjBBT2YtdUhuZkRnODJQSU9WUVZBajZfempWdnRqckxuRXJiNjkxZlJwYTMtM1hEdzZORTNkRmR3ZXZFaUMwTHYzVGR4U0hmTXIyQ21IclhEOFllbWF2OVZlWElPdlFVTE9tMGs0UlhyVEtnSTVIMU03amY?oc=5"" target=""_blank"">News | Blackstone's Warehouse REIT portfolio prepared for CMBS financing</a>&nbsp;&nbsp;<font color=""#6f6f6f"">CoStar</font>",https://news.google.com/rss/articles/CBMiqAFBVV95cUxPY25oaUIzTXJCTHN1NGVSazVNTE9kcUJSdXhUWjF2d0dVMXUxamNaNnhRT2tjNjBBT2YtdUhuZkRnODJQSU9WUVZBajZfempWdnRqckxuRXJiNjkxZlJwYTMtM1hEdzZORTNkRmR3ZXZFaUMwTHYzVGR4U0hmTXIyQ21IclhEOFllbWF2OVZlWElPdlFVTE9tMGs0UlhyVEtnSTVIMU03amY?oc=5
Lodging / Resorts,hotel REIT travel demand OR HST OR RHP,United States Host Hotels and Resorts Stock Holds Firm as Institutional Investors Expand Positions Signaling Confidence in Lodging REIT Performance - Travel And Tour World,Travel And Tour World,"Sun, 31 May 2026 20:08:13 GMT","<a href=""https://news.google.com/rss/articles/CBMibkFVX3lxTFByUzUwcDhjZjQ1ZkJIWHlWZ2ExSm5ldFExeFF5SnMzUW8zQmc1N19GdVo0NUNhRGtiVUFDdF93b0pMLVNVd2I3RjJoUnA3YUh6a2tHQkttalFfODJaU1pRUlItUk5HZ2FqNXc0WWxR?oc=5"" target=""_blank"">United States Host Hotels and Resorts Stock Holds Firm as Institutional Investors Expand Positions Signaling Confidence in Lodging REIT Performance</a>&nbsp;&nbsp;<font color=""#6f6f6f"">Travel And Tour World</font>",https://news.google.com/rss/articles/CBMibkFVX3lxTFByUzUwcDhjZjQ1ZkJIWHlWZ2ExSm5ldFExeFF5SnMzUW8zQmc1N19GdVo0NUNhRGtiVUFDdF93b0pMLVNVd2I3RjJoUnA3YUh6a2tHQkttalFfODJaU1pRUlItUk5HZ2FqNXc0WWxR?oc=5
Lodging / Resorts,hotel REIT travel demand OR HST OR RHP,REIT firm Ryman Hospitality rises as Morgan Stanley sees growth from travel demand - Investing.com,Investing.com,"Fri, 10 Apr 2026 07:00:00 GMT","<a href=""https://news.google.com/rss/articles/CBMi0wFBVV95cUxNVURlU0RUSncyRHNpWkdTZGVKamVyX2liY2JCT3FpS2ZRN0lSRTl5VS0xa0lhNE9JUEFkTGJMaWFUZXRRNkFrZmlYdTNBZVU4OVhsWWVpSW1aS2JiTFRWOVJ1WFRMaFdkVVB5LW1Xc0VRdVhsbTVZcHI3c1lDeUVRVmo2YjEzNXc1MzhsakhFY0JEZ2NETG5rWklHVi1LbllEOVI5Zko3MmppSjlYTUIyU3RiXzloTTZYMm91LU81bzJ3NnhxNjBTTHRaN3pnT1JfYWh3?oc=5"" target=""_blank"">REIT firm Ryman Hospitality rises as Morgan Stanley sees growth from travel demand</a>&nbsp;&nbsp;<font color=""#6f6f6f"">Investing.com</font>",https://news.google.com/rss/articles/CBMi0wFBVV95cUxNVURlU0RUSncyRHNpWkdTZGVKamVyX2liY2JCT3FpS2ZRN0lSRTl5VS0xa0lhNE9JUEFkTGJMaWFUZXRRNkFrZmlYdTNBZVU4OVhsWWVpSW1aS2JiTFRWOVJ1WFRMaFdkVVB5LW1Xc0VRdVhsbTVZcHI3c1lDeUVRVmo2YjEzNXc1MzhsakhFY0JEZ2NETG5rWklHVi1LbllEOVI5Zko3MmppSjlYTUIyU3RiXzloTTZYMm91LU81bzJ3NnhxNjBTTHRaN3pnT1JfYWh3?oc=5
Lodging / Resorts,hotel REIT travel demand OR HST OR RHP,"Lodging REITs Face Subdued Growth as Group, Luxury Remain Resilient - Nareit",Nareit,"Thu, 18 Sep 2025 07:00:00 GMT","<a href=""https://news.google.com/rss/articles/CBMiowFBVV95cUxNUk9QaDlESTNyTGMwODRoTnhQM1dZMnJQaHVoNU81UkV4NkRaMExYZ1ZWdDA2NkVZb3RLWVZuY2FKR1RvRnd6V1BrNkdabzRFTmVJdFl6M3IybmlCUEtKeVpMUi1Cc0lXQ1hDTFJtMWl2UFlWb29VbVhtQjZOVFE1TlBiZTUzT21ScWVsZHB4VjFYd1ZvcjRzdXVVWDVvNmo0THpr?oc=5"" target=""_blank"">Lodging REITs Face Subdued Growth as Group, Luxury Remain Resilient</a>&nbsp;&nbsp;<font color=""#6f6f6f"">Nareit</font>",https://news.google.com/rss/articles/CBMiowFBVV95cUxNUk9QaDlESTNyTGMwODRoTnhQM1dZMnJQaHVoNU81UkV4NkRaMExYZ1ZWdDA2NkVZb3RLWVZuY2FKR1RvRnd6V1BrNkdabzRFTmVJdFl6M3IybmlCUEtKeVpMUi1Cc0lXQ1hDTFJtMWl2UFlWb29VbVhtQjZOVFE1TlBiZTUzT21ScWVsZHB4VjFYd1ZvcjRzdXVVWDVvNmo0THpr?oc=5
Lodging / Resorts,hotel REIT travel demand OR HST OR RHP,"News | Leisure, group business led Apple REIT during disruptions - CoStar",CoStar,"Tue, 24 Feb 2026 08:00:00 GMT","<a href=""https://news.google.com/rss/articles/CBMinwFBVV95cUxOaDE1dWxDck5iNXJtN2I1bzRZUXpQOTdTSlg2cTk4TW44blF0em54YWplcHFUZEFnbGFzcE40SV9HWUtjSTlSZ1hJTUNXLTdubEtZdTM5Yy14OGJqLXZfT1FDRUpGbGVoRENGXzZMSTZid1JQWXlhQ0VOMXNLcjVSZXhjUWcwZWEwWkdub0doNklHWlJqQmZMRnZtOV9DNGM?oc=5"" target=""_blank"">News | Leisure, group business led Apple REIT during disruptions</a>&nbsp;&nbsp;<font color=""#6f6f6f"">CoStar</font>",https://news.google.com/rss/articles/CBMinwFBVV95cUxOaDE1dWxDck5iNXJtN2I1bzRZUXpQOTdTSlg2cTk4TW44blF0em54YWplcHFUZEFnbGFzcE40SV9HWUtjSTlSZ1hJTUNXLTdubEtZdTM5Yy14OGJqLXZfT1FDRUpGbGVoRENGXzZMSTZid1JQWXlhQ0VOMXNLcjVSZXhjUWcwZWEwWkdub0doNklHWlJqQmZMRnZtOV9DNGM?oc=5
Lodging / Resorts,hotel REIT travel demand OR HST OR RHP,Nokomis Capital Initiates Stake in Apple Hospitality REIT as Marriott and Hilton Hotels Drive Steady Demand - Yahoo Finance,Yahoo Finance,"Wed, 04 Mar 2026 08:00:00 GMT","<a href=""https://news.google.com/rss/articles/CBMiiwFBVV95cUxQWmRLa0hoR2VFMWlxQnFURUVCRGtCbWU2Xzh0SlBMUzlMWTVZcjJPd05NWHZLYWNCX19UbWo2Ull4RHVncm8tRXVZR3d2WkZOTjhwblk5YTRSdjdfZTNBSHp4bjFZWUd4RDZucU9sUkU0WGExdkY1Q0xDQVNYcjZNbU1tRzVxTFFQQ3Zj?oc=5"" target=""_blank"">Nokomis Capital Initiates Stake in Apple Hospitality REIT as Marriott and Hilton Hotels Drive Steady Demand</a>&nbsp;&nbsp;<font color=""#6f6f6f"">Yahoo Finance</font>",https://news.google.com/rss/articles/CBMiiwFBVV95cUxQWmRLa0hoR2VFMWlxQnFURUVCRGtCbWU2Xzh0SlBMUzlMWTVZcjJPd05NWHZLYWNCX19UbWo2Ull4RHVncm8tRXVZR3d2WkZOTjhwblk5YTRSdjdfZTNBSHp4bjFZWUd4RDZucU9sUkU0WGExdkY1Q0xDQVNYcjZNbU1tRzVxTFFQQ3Zj?oc=5
Office,office REIT vacancy rate OR BXP OR KRC,Office REITs: Improving Occupancy for Newer Assets Bodes Well for Sector - Nareit,Nareit,"Thu, 08 Jan 2026 08:00:00 GMT","<a href=""https://news.google.com/rss/articles/CBMiqgFBVV95cUxPdElOSmQ3R3hlQTNQbDZVVEdGVlY2M1UtbXBTYjgzT25aWDFEOE1YeE44X3dyeV9vUHU5SjAyaDQzcEJtclBqdnZVdlFEb0dlTTVpaGhVb0NaX0Y3TWJFQVA1Z2VmMjBvNnZ5SUdvaHNwdklJc2ZGTHJ2R1JzSXdJR1daeS1PMUFHMkw4QzNlck1IXzhVaVV6c0ZUXzgwbG8wZG43ZGhSdV9ZZw?oc=5"" target=""_blank"">Office REITs: Improving Occupancy for Newer Assets Bodes Well for Sector</a>&nbsp;&nbsp;<font color=""#6f6f6f"">Nareit</font>",https://news.google.com/rss/articles/CBMiqgFBVV95cUxPdElOSmQ3R3hlQTNQbDZVVEdGVlY2M1UtbXBTYjgzT25aWDFEOE1YeE44X3dyeV9vUHU5SjAyaDQzcEJtclBqdnZVdlFEb0dlTTVpaGhVb0NaX0Y3TWJFQVA1Z2VmMjBvNnZ5SUdvaHNwdklJc2ZGTHJ2R1JzSXdJR1daeS1PMUFHMkw4QzNlck1IXzhVaVV6c0ZUXzgwbG8wZG43ZGhSdV9ZZw?oc=5
Office,office REIT vacancy rate OR BXP OR KRC,"BXP chief says the office sector has bottomed, but buildings still need to be demolished - CNBC",CNBC,"Tue, 18 Nov 2025 08:00:00 GMT","<a href=""https://news.google.com/rss/articles/CBMiekFVX3lxTE5kQ3ZnTHNsVTJqODMtMTg4VjFsMEhRdm93SEJ1amtYblo5bnlBNm5HVjRFemxvMlJpbTVucWtuazM2aHhJbjlrbTBGZ1RxZnhVZmsyOUVLb1ltTEw2ZE8tZ0Uwc1U0d1pJTEtfSXpZdWZMUThLY1ZxazRB0gF_QVVfeXFMTUFqckxrbHVCS3NiR2dNSldJZlMtaGN3aDR6YjZMb2RzX3BMNVJFbHQwakV1Si1TUWhaZktydFQ2blVIbkpvSGdvM1BHZ3BLYTFaUnRmXzVQM09RX3pLT3NTWnpXVnREUENEbnZTUG9BTDNQeGVCaF92R2wzek9jUQ?oc=5"" target=""_blank"">BXP chief says the office sector has bottomed, but buildings still need to be demolished</a>&nbsp;&nbsp;<font color=""#6f6f6f"">CNBC</font>",https://news.google.com/rss/articles/CBMiekFVX3lxTE5kQ3ZnTHNsVTJqODMtMTg4VjFsMEhRdm93SEJ1amtYblo5bnlBNm5HVjRFemxvMlJpbTVucWtuazM2aHhJbjlrbTBGZ1RxZnhVZmsyOUVLb1ltTEw2ZE8tZ0Uwc1U0d1pJTEtfSXpZdWZMUThLY1ZxazRB0gF_QVVfeXFMTUFqckxrbHVCS3NiR2dNSldJZlMtaGN3aDR6YjZMb2RzX3BMNVJFbHQwakV1Si1TUWhaZktydFQ2blVIbkpvSGdvM1BHZ3BLYTFaUnRmXzVQM09RX3pLT3NTWnpXVnREUENEbnZTUG9BTDNQeGVCaF92R2wzek9jUQ?oc=5
Office,office REIT vacancy rate OR BXP OR KRC,News | Allied REIT earnings hit by Toronto's slow office recovery - CoStar,CoStar,"Wed, 05 Nov 2025 08:00:00 GMT","<a href=""https://news.google.com/rss/articles/CBMioAFBVV95cUxNNDZ0cl9LTkFKZW12LVZ4VzRqX2swa2Q4NU8xWFpET041OEZuX0NmY3FjVXZuUGdUcUc5UDZBYnlucVlRNGE3LXR2cGNtbFFhdjNZMmZTOWJrc3g3a2xaaUhiWEdTVEY4dlUyOU1iRFJpV0MyTV95bC0wcmVXSl9jTWFKOGthREROSEpUeWlrdXppZ2dQNW5JLWFrdnl6c3FC?oc=5"" target=""_blank"">News | Allied REIT earnings hit by Toronto's slow office recovery</a>&nbsp;&nbsp;<font color=""#6f6f6f"">CoStar</font>",https://news.google.com/rss/articles/CBMioAFBVV95cUxNNDZ0cl9LTkFKZW12LVZ4VzRqX2swa2Q4NU8xWFpET041OEZuX0NmY3FjVXZuUGdUcUc5UDZBYnlucVlRNGE3LXR2cGNtbFFhdjNZMmZTOWJrc3g3a2xaaUhiWEdTVEY4dlUyOU1iRFJpV0MyTV95bC0wcmVXSl9jTWFKOGthREROSEpUeWlrdXppZ2dQNW5JLWFrdnl6c3FC?oc=5
Office,office REIT vacancy rate OR BXP OR KRC,Office REIT Orion To Explore Sale After Fending Off Takeover - Bisnow,Bisnow,"Mon, 26 Jan 2026 08:00:00 GMT","<a href=""https://news.google.com/rss/articles/CBMi1wFBVV95cUxOc1dDYXNTR3ZZTnhkWE1mV3kzdUdJdUktd1BVeDMzbnVyWV9CSDRMc3F4NVI4OEFfOEVyZy1QRC1US0FzNTZnYkNQa3R2ZnMwaGlVdDQ1aDVGdWhpZ04wbVlBelNPVXBKellZTTVtR1VUZHczcVBXaDhUeEtJRDZ2dXZzUFFneGN0OWNEV3Q2a09CQUdfNzRpYUNCQkpVdlhaWG10TDlFTTZzcmlzaUZQZFFzZ0Vjbm5kdF9pVERmN05mdXBxRUZmMEFaMXQ5N0h0SVdtSEJVSQ?oc=5"" target=""_blank"">Office REIT Orion To Explore Sale After Fending Off Takeover</a>&nbsp;&nbsp;<font color=""#6f6f6f"">Bisnow</font>",https://news.google.com/rss/articles/CBMi1wFBVV95cUxOc1dDYXNTR3ZZTnhkWE1mV3kzdUdJdUktd1BVeDMzbnVyWV9CSDRMc3F4NVI4OEFfOEVyZy1QRC1US0FzNTZnYkNQa3R2ZnMwaGlVdDQ1aDVGdWhpZ04wbVlBelNPVXBKellZTTVtR1VUZHczcVBXaDhUeEtJRDZ2dXZzUFFneGN0OWNEV3Q2a09CQUdfNzRpYUNCQkpVdlhaWG10TDlFTTZzcmlzaUZQZFFzZ0Vjbm5kdF9pVERmN05mdXBxRUZmMEFaMXQ5N0h0SVdtSEJVSQ?oc=5
Office,office REIT vacancy rate OR BXP OR KRC,Ichigo Office REIT reports portfolio occupancy rise amid Tokyo gains - reitsweek,reitsweek,"Tue, 12 May 2026 07:00:00 GMT","<a href=""https://news.google.com/rss/articles/CBMiqwFBVV95cUxPdXNyYmVUWmxRelRVaVBLLWY3QWcyaF9MMFlDYjNEUXJwMTRvT1NoOGhieUV6V3JINHNncWpMNXRvcURTc2lxbTA1ckNNV3dGM2tKTzhKTG1rU0VFdzY0M0FuOU9mZVJWUmtiUUlMb0lKY3JmNGcyZ01pR3VmYjNGQTlFMXlYazZvamFoNWlYREFjczU4QXV1a1kxd2pCV1NmOUtDZVg5Mk1ra1U?oc=5"" target=""_blank"">Ichigo Office REIT reports portfolio occupancy rise amid Tokyo gains</a>&nbsp;&nbsp;<font color=""#6f6f6f"">reitsweek</font>",https://news.google.com/rss/articles/CBMiqwFBVV95cUxPdXNyYmVUWmxRelRVaVBLLWY3QWcyaF9MMFlDYjNEUXJwMTRvT1NoOGhieUV6V3JINHNncWpMNXRvcURTc2lxbTA1ckNNV3dGM2tKTzhKTG1rU0VFdzY0M0FuOU9mZVJWUmtiUUlMb0lKY3JmNGcyZ01pR3VmYjNGQTlFMXlYazZvamFoNWlYREFjczU4QXV1a1kxd2pCV1NmOUtDZVg5Mk1ra1U?oc=5
Residential,residential REIT apartment rent OR AVB OR EQR,"AvalonBay, Equity Residential Plan to Merge, Creating Leading Force in Rental Housing - Nareit",Nareit,"Thu, 21 May 2026 07:00:00 GMT","<a href=""https://news.google.com/rss/articles/CBMiugFBVV95cUxQTnJHOEtoRlRYcmJGZGF2MmVKSjRFOFEwYThJSlJEVjFlUHNrbnZSYko2SXNaN2pxb0RHVE0zN2dNUUFDOHZmamxFWUt2MGJyd3FKU1ptamNPQzRab19MQng5YXlpRGpoRmxGRmY0ekFoMFgxRENwbVB6TTZOcXF1bEJWME9sNjFQRWhmTlEtelBLOUV0NUNOU3pwS1hDV05CY1NMUV9DTmsxWm92UENkTDIxbzFsNlpJd2c?oc=5"" target=""_blank"">AvalonBay, Equity Residential Plan to Merge, Creating Leading Force in Rental Housing</a>&nbsp;&nbsp;<font color=""#6f6f6f"">Nareit</font>",https://news.google.com/rss/articles/CBMiugFBVV95cUxQTnJHOEtoRlRYcmJGZGF2MmVKSjRFOFEwYThJSlJEVjFlUHNrbnZSYko2SXNaN2pxb0RHVE0zN2dNUUFDOHZmamxFWUt2MGJyd3FKU1ptamNPQzRab19MQng5YXlpRGpoRmxGRmY0ekFoMFgxRENwbVB6TTZOcXF1bEJWME9sNjFQRWhmTlEtelBLOUV0NUNOU3pwS1hDV05CY1NMUV9DTmsxWm92UENkTDIxbzFsNlpJd2c?oc=5
Residential,residential REIT apartment rent OR AVB OR EQR,"$69M Apartment REIT Megamerger: AvalonBay, Equity Residential Agree to Join Forces - Multifamily & Affordable Housing Business",Multifamily & Affordable Housing Business,"Tue, 26 May 2026 22:36:47 GMT","<a href=""https://news.google.com/rss/articles/CBMivgFBVV95cUxPNUE5VFVzNWd1cUY2R2phRTFkU180b1pqcFd3NGxtd2tiV3hQMkJEMjhtRThicVgzNUFSY0g3Y3hPUlNkTGdrUjg0RU5HLVVEWW9KbTdoSFdaN3Yzb2E2MzlyMFcwNC12bUhCalVTbUwwaHI3M09ncnhINWRkV0EtTUNHTDltWFIwVldkbFRVNHJ4MXBDS1E3bUx0WHF2ck1zd3laVm1VSm9uZWtKQ05lSnVJUGNQSUlkM3Q2MDln?oc=5"" target=""_blank"">$69M Apartment REIT Megamerger: AvalonBay, Equity Residential Agree to Join Forces</a>&nbsp;&nbsp;<font color=""#6f6f6f"">Multifamily & Affordable Housing Business</font>",https://news.google.com/rss/articles/CBMivgFBVV95cUxPNUE5VFVzNWd1cUY2R2phRTFkU180b1pqcFd3NGxtd2tiV3hQMkJEMjhtRThicVgzNUFSY0g3Y3hPUlNkTGdrUjg0RU5HLVVEWW9KbTdoSFdaN3Yzb2E2MzlyMFcwNC12bUhCalVTbUwwaHI3M09ncnhINWRkV0EtTUNHTDltWFIwVldkbFRVNHJ4MXBDS1E3bUx0WHF2ck1zd3laVm1VSm9uZWtKQ05lSnVJUGNQSUlkM3Q2MDln?oc=5
Residential,residential REIT apartment rent OR AVB OR EQR,AvalonBay and Equity Residential announce ‘merger of equals’ - Multifamily Dive,Multifamily Dive,"Thu, 21 May 2026 07:00:00 GMT","<a href=""https://news.google.com/rss/articles/CBMijgFBVV95cUxQWGJsYlNsSENmeGJxODBjbUhFUU9wVnYtdHlMUjZXRjVhcHYzbjBuem12T0t5azdOWWRfQlpoNEp4R2J5dy1CcjZoalI2aE1QOUxTLWRRejI3bklUbnQ3SU8temktNHpKRm0wREhqYTFsQWtSLTE5MkEza1hmWW5IZ2Z4ajFSNEQxeVpkaHV3?oc=5"" target=""_blank"">AvalonBay and Equity Residential announce ‘merger of equals’</a>&nbsp;&nbsp;<font color=""#6f6f6f"">Multifamily Dive</font>",https://news.google.com/rss/articles/CBMijgFBVV95cUxQWGJsYlNsSENmeGJxODBjbUhFUU9wVnYtdHlMUjZXRjVhcHYzbjBuem12T0t5azdOWWRfQlpoNEp4R2J5dy1CcjZoalI2aE1QOUxTLWRRejI3bklUbnQ3SU8temktNHpKRm0wREhqYTFsQWtSLTE5MkEza1hmWW5IZ2Z4ajFSNEQxeVpkaHV3?oc=5
Residential,residential REIT apartment rent OR AVB OR EQR,AvalonBay And Equity Residential Merger Recasts Apartment REIT Scale And Risks - Sahm,Sahm,"Wed, 27 May 2026 12:59:50 GMT","<a href=""https://news.google.com/rss/articles/CBMiygFBVV95cUxNOEdjUnVpb3gzVFl6Z09kTUpBX1BLQ1NtR0h6UWZrdVpZWndQSTQyRklWeFVHdllEeEp5cHZHZFJBZUNJdTFNM0JraXJYSnBxY0k1RzdmR2djR19KX0w2TXRvRjVUdFBvb21DRzBLbVdGQmE4R3BZQlh0TWF4bmxwaERnVzF6SzdVNzZoajFiSnNaQ3Uxejlwd2NoRmJPUENSWWcwSkszb1dGWGotQ0lkYVVOcVB5ZkNDRVZOZUhreWd4SGNhTWtVMURn?oc=5"" target=""_blank"">AvalonBay And Equity Residential Merger Recasts Apartment REIT Scale And Risks</a>&nbsp;&nbsp;<font color=""#6f6f6f"">Sahm</font>",https://news.google.com/rss/articles/CBMiygFBVV95cUxNOEdjUnVpb3gzVFl6Z09kTUpBX1BLQ1NtR0h6UWZrdVpZWndQSTQyRklWeFVHdllEeEp5cHZHZFJBZUNJdTFNM0JraXJYSnBxY0k1RzdmR2djR19KX0w2TXRvRjVUdFBvb21DRzBLbVdGQmE4R3BZQlh0TWF4bmxwaERnVzF6SzdVNzZoajFiSnNaQ3Uxejlwd2NoRmJPUENSWWcwSkszb1dGWGotQ0lkYVVOcVB5ZkNDRVZOZUhreWd4SGNhTWtVMURn?oc=5
Residential,residential REIT apartment rent OR AVB OR EQR,How Will the AvalonBay and Equity Residential Merger Affect Investors? - TradingView,TradingView,"Thu, 21 May 2026 15:57:00 GMT","<a href=""https://news.google.com/rss/articles/CBMiwwFBVV95cUxQRl80UVdDMC00T1czcjVfVnZ3NUgyUXJlbVgzMkFEakp0V0E1TjlXdEREdTRFSzdQbHE3cENLb2tqdmV6eFNxTllFdXRJZ0xPM2xlc2NYS21VZGVHX01KY1pFVXdqZjBLT3JremtFdjFTVEtBOHJoOUVJT3VhUVVvc1FpclBkbkJOYkFzbXp1cVhadERNeG41djdQSnNGeVo3ZmlIOVB4MFJFRzRad1JveWlfM2lSNVNkRXd3LTdJRVQyVmc?oc=5"" target=""_blank"">How Will the AvalonBay and Equity Residential Merger Affect Investors?</a>&nbsp;&nbsp;<font color=""#6f6f6f"">TradingView</font>",https://news.google.com/rss/articles/CBMiwwFBVV95cUxQRl80UVdDMC00T1czcjVfVnZ3NUgyUXJlbVgzMkFEakp0V0E1TjlXdEREdTRFSzdQbHE3cENLb2tqdmV6eFNxTllFdXRJZ0xPM2xlc2NYS21VZGVHX01KY1pFVXdqZjBLT3JremtFdjFTVEtBOHJoOUVJT3VhUVVvc1FpclBkbkJOYkFzbXp1cVhadERNeG41djdQSnNGeVo3ZmlIOVB4MFJFRzRad1JveWlfM2lSNVNkRXd3LTdJRVQyVmc?oc=5
Retail,retail REIT shopping center consumer spending OR SPG OR REG,"Retail REITs Benefiting from Strong Market Fundamentals, Tight Supply - Nareit",Nareit,"Wed, 04 Mar 2026 08:00:00 GMT","<a href=""https://news.google.com/rss/articles/CBMipgFBVV95cUxPXzNuWDZFWDY1WDlFcGFTNElKMnN0eEhmQ0ctYlVQdXVIcFlYc0pmNWpFcFRMdjhfelR4ZDVUZ2xiU2ZSN2JVNjRRQVlXYi1RbEpMZzhsbmQtYlI1eGR5akljbFN4SDhSajJrbGtvM1c5M1FtV1VKeGo0cWFCTjhfbzVocC1XYXZZX1FuYkFPVWdTNjJQRDhILWpCS1ZpTko2bWFHUGZR?oc=5"" target=""_blank"">Retail REITs Benefiting from Strong Market Fundamentals, Tight Supply</a>&nbsp;&nbsp;<font color=""#6f6f6f"">Nareit</font>",https://news.google.com/rss/articles/CBMipgFBVV95cUxPXzNuWDZFWDY1WDlFcGFTNElKMnN0eEhmQ0ctYlVQdXVIcFlYc0pmNWpFcFRMdjhfelR4ZDVUZ2xiU2ZSN2JVNjRRQVlXYi1RbEpMZzhsbmQtYlI1eGR5akljbFN4SDhSajJrbGtvM1c5M1FtV1VKeGo0cWFCTjhfbzVocC1XYXZZX1FuYkFPVWdTNjJQRDhILWpCS1ZpTko2bWFHUGZR?oc=5
Retail,retail REIT shopping center consumer spending OR SPG OR REG,Federal Realty vs. Regency Centers: Which Retail REIT to Buy Now? - TradingView,TradingView,"Mon, 25 May 2026 13:38:00 GMT","<a href=""https://news.google.com/rss/articles/CBMiugFBVV95cUxOMERpTHJqdmpkejFYOElLbnJjTVhVS2hsb2M1bTQ5YlRzQjdwaXYxb2hjbUlxOW14SkVIS3lPVGFBdGp5ZjNiclRiNjhwOU1hOURZdGs0MEdfOVZTY0xSMXRRbHJqZEg4M3pIZVZkZFB3TEpvc0dYbFNpOEtXdU9VT1lPb2pSUEk4NEYwcUtReFFoaG13dFhnT1ZfME4yb0pGdWg2bDFfY0JiY3JJM3kzUU9sNldhWGlIUGc?oc=5"" target=""_blank"">Federal Realty vs. Regency Centers: Which Retail REIT to Buy Now?</a>&nbsp;&nbsp;<font color=""#6f6f6f"">TradingView</font>",https://news.google.com/rss/articles/CBMiugFBVV95cUxOMERpTHJqdmpkejFYOElLbnJjTVhVS2hsb2M1bTQ5YlRzQjdwaXYxb2hjbUlxOW14SkVIS3lPVGFBdGp5ZjNiclRiNjhwOU1hOURZdGs0MEdfOVZTY0xSMXRRbHJqZEg4M3pIZVZkZFB3TEpvc0dYbFNpOEtXdU9VT1lPb2pSUEk4NEYwcUtReFFoaG13dFhnT1ZfME4yb0pGdWg2bDFfY0JiY3JJM3kzUU9sNldhWGlIUGc?oc=5
Retail,retail REIT shopping center consumer spending OR SPG OR REG,Top 3 Retail REITs Poised Well to Gain From Tight Supply and Stability - Yahoo Finance,Yahoo Finance,"Wed, 28 Jan 2026 08:00:00 GMT","<a href=""https://news.google.com/rss/articles/CBMie0FVX3lxTE9BNTJrUloxS25SZkxMMEUxV0ZWUW5Qa3JzS1NxU2owX0VBOU1VR3gtZmRpdjVjRDlLNk9COHB2RHEtUHhxakVqSUtpek45ZnBJQjB4ajNuV25uY2t2MXh6cHdDcmJQNlZ2a0d2ejBCeHFqRUJhOWl0ZkplOA?oc=5"" target=""_blank"">Top 3 Retail REITs Poised Well to Gain From Tight Supply and Stability</a>&nbsp;&nbsp;<font color=""#6f6f6f"">Yahoo Finance</font>",https://news.google.com/rss/articles/CBMie0FVX3lxTE9BNTJrUloxS25SZkxMMEUxV0ZWUW5Qa3JzS1NxU2owX0VBOU1VR3gtZmRpdjVjRDlLNk9COHB2RHEtUHhxakVqSUtpek45ZnBJQjB4ajNuV25uY2t2MXh6cHdDcmJQNlZ2a0d2ejBCeHFqRUJhOWl0ZkplOA?oc=5
Retail,retail REIT shopping center consumer spending OR SPG OR REG,Federal Realty stock: Dividend and retail REIT focus - AD HOC NEWS,AD HOC NEWS,"Wed, 27 May 2026 17:23:35 GMT","<a href=""https://news.google.com/rss/articles/CBMirwFBVV95cUxQSEEwa0IzQkZNMWxUTXpaQ29jVll3cEtnVDJJVi1sLUlHZlRFOUdiTVAtRkwzNVRaQkpRWTFQNU8zbEk2SFBnZzN3ODlZTmVQUjd6RjQzczVGcUpuTGRNcklfdmp6blhTbEpEZTJCcGxjZjZoOWVMRjJnTHd6bVRtVVFNZEZtODFiTWdKTTJZc2w1X2dJWUxvQmJMQ3JadDE5N3RIckp6RzlkMW0xczFB?oc=5"" target=""_blank"">Federal Realty stock: Dividend and retail REIT focus</a>&nbsp;&nbsp;<font color=""#6f6f6f"">AD HOC NEWS</font>",https://news.google.com/rss/articles/CBMirwFBVV95cUxQSEEwa0IzQkZNMWxUTXpaQ29jVll3cEtnVDJJVi1sLUlHZlRFOUdiTVAtRkwzNVRaQkpRWTFQNU8zbEk2SFBnZzN3ODlZTmVQUjd6RjQzczVGcUpuTGRNcklfdmp6blhTbEpEZTJCcGxjZjZoOWVMRjJnTHd6bVRtVVFNZEZtODFiTWdKTTJZc2w1X2dJWUxvQmJMQ3JadDE5N3RIckp6RzlkMW0xczFB?oc=5
Retail,retail REIT shopping center consumer spending OR SPG OR REG,"Retail REITs Supported by Tight Supply, Pricing Power, Resilient Consumer Base - Nareit",Nareit,"Fri, 24 Oct 2025 07:00:00 GMT","<a href=""https://news.google.com/rss/articles/CBMisAFBVV95cUxQRHI2LTBSN3hrcTRDWE0xT3ZCZml0YmN1UFp4Qlg1d1lqVzM0Q184aVBHNjcySk9henQwZmZHTGdmTElXSl9NTHY4d2dtTXM3SmtsWE5EOUNlUjVCVkJFZFhXMjNabTdfWkF5RzRRa3UxSkRBd3hwOWluMU5fbmZMUGtMNklFR3p4MnR3Z2llUWR2TFRxNmpGRXptZU5mbGwxTE5WQWo0NjlqMG9yd1E3MA?oc=5"" target=""_blank"">Retail REITs Supported by Tight Supply, Pricing Power, Resilient Consumer Base</a>&nbsp;&nbsp;<font color=""#6f6f6f"">Nareit</font>",https://news.google.com/rss/articles/CBMisAFBVV95cUxQRHI2LTBSN3hrcTRDWE0xT3ZCZml0YmN1UFp4Qlg1d1lqVzM0Q184aVBHNjcySk9henQwZmZHTGdmTElXSl9NTHY4d2dtTXM3SmtsWE5EOUNlUjVCVkJFZFhXMjNabTdfWkF5RzRRa3UxSkRBd3hwOWluMU5fbmZMUGtMNklFR3p4MnR3Z2llUWR2TFRxNmpGRXptZU5mbGwxTE5WQWo0NjlqMG9yd1E3MA?oc=5
Self Storage,self storage REIT demand OR PSA OR EXR,What Does Public Storage's $10.5 Billion Acquisition of National Storage Affiliates Mean for the Self-Storage Market - Kavout,Kavout,"Fri, 29 May 2026 23:48:02 GMT","<a href=""https://news.google.com/rss/articles/CBMi5AFBVV95cUxQcGsyVUVLRlZlanEzVkxyOUd3aG4ybHJ2aDJOd3RydmlSS0pjVjFiN2RVcVpsQm1ibUJtcm04T0tjbThYUzZtdlRPM1N2aVJFQTYwQ0ZJZFpMbUdDdDZnRzlTVU1NZk9PYThnaGhnQldMMUhkWE9IV3IxS2RDR2dyYXpaTTlpVzl2RDBWNGRHbGFCSlBsTUxwQjc5RG9qdlZnVGwtZGVPdEpXdGJCR3NvazdENER6cm1MWlNqdi1wQUF3SjlnZWNyYUxvcHZTQ2tSd3h4VjI0Qll2WkVnbDY0WlRUdDk?oc=5"" target=""_blank"">What Does Public Storage's $10.5 Billion Acquisition of National Storage Affiliates Mean for the Self-Storage Market</a>&nbsp;&nbsp;<font color=""#6f6f6f"">Kavout</font>",https://news.google.com/rss/articles/CBMi5AFBVV95cUxQcGsyVUVLRlZlanEzVkxyOUd3aG4ybHJ2aDJOd3RydmlSS0pjVjFiN2RVcVpsQm1ibUJtcm04T0tjbThYUzZtdlRPM1N2aVJFQTYwQ0ZJZFpMbUdDdDZnRzlTVU1NZk9PYThnaGhnQldMMUhkWE9IV3IxS2RDR2dyYXpaTTlpVzl2RDBWNGRHbGFCSlBsTUxwQjc5RG9qdlZnVGwtZGVPdEpXdGJCR3NvazdENER6cm1MWlNqdi1wQUF3SjlnZWNyYUxvcHZTQ2tSd3h4VjI0Qll2WkVnbDY0WlRUdDk?oc=5
Self Storage,self storage REIT demand OR PSA OR EXR,"Self-Storage REITs See Signs of Stabilizing Fundamentals, Supply Expected to Moderate - Nareit",Nareit,"Tue, 02 Dec 2025 08:00:00 GMT","<a href=""https://news.google.com/rss/articles/CBMiuwFBVV95cUxPdVU1ZWt3bFpWWFJYcHdnakZMRWdOWkROQU4tQ0xqSGZNVG9RcXpkaGp1Znk1WEhFa3MyQjFGdkdMV2xDY0NaaEFwOXRfLUpUeUw0RE55cjN1QmEzaUtTaWNIWVNPMDRvVlo0WWFJMDlqWDhaVEFsRGtZc3BDRUFWbER0QkF0ekpEbmNsUEVFMkFhR3pnLWRTbjc5XzdzcVc1NU5IRW5VSWhCbjgtMS1ZWTlnWVFmbHhWYkhR?oc=5"" target=""_blank"">Self-Storage REITs See Signs of Stabilizing Fundamentals, Supply Expected to Moderate</a>&nbsp;&nbsp;<font color=""#6f6f6f"">Nareit</font>",https://news.google.com/rss/articles/CBMiuwFBVV95cUxPdVU1ZWt3bFpWWFJYcHdnakZMRWdOWkROQU4tQ0xqSGZNVG9RcXpkaGp1Znk1WEhFa3MyQjFGdkdMV2xDY0NaaEFwOXRfLUpUeUw0RE55cjN1QmEzaUtTaWNIWVNPMDRvVlo0WWFJMDlqWDhaVEFsRGtZc3BDRUFWbER0QkF0ekpEbmNsUEVFMkFhR3pnLWRTbjc5XzdzcVc1NU5IRW5VSWhCbjgtMS1ZWTlnWVFmbHhWYkhR?oc=5
Self Storage,self storage REIT demand OR PSA OR EXR,Best Self-Storage REITs for 2026 and How to Invest - The Motley Fool,The Motley Fool,"Wed, 01 Apr 2026 07:00:00 GMT","<a href=""https://news.google.com/rss/articles/CBMipwFBVV95cUxPN2xMTXhMRm1IZk9wV2QweEQtb05aUUFuR3dFeldPN3RraDVhVHQxc2JES0ZVdl9HNFh0bVljQWE5RnhJc0VDT25QMld4bXh3UkpGaGxzSGQ2M2lZRnpUSXVlZnMwV2p1azVhOXA3aHJmNmZiN3Q3QWVyOWx3X05oWjBLNGs4MXI2ZVpqODRKR2s2NzZ3WDBlRWJNWVNzTUhVUV9kZ2hETQ?oc=5"" target=""_blank"">Best Self-Storage REITs for 2026 and How to Invest</a>&nbsp;&nbsp;<font color=""#6f6f6f"">The Motley Fool</font>",https://news.google.com/rss/articles/CBMipwFBVV95cUxPN2xMTXhMRm1IZk9wV2QweEQtb05aUUFuR3dFeldPN3RraDVhVHQxc2JES0ZVdl9HNFh0bVljQWE5RnhJc0VDT25QMld4bXh3UkpGaGxzSGQ2M2lZRnpUSXVlZnMwV2p1azVhOXA3aHJmNmZiN3Q3QWVyOWx3X05oWjBLNGs4MXI2ZVpqODRKR2s2NzZ3WDBlRWJNWVNzTUhVUV9kZ2hETQ?oc=5
Self Storage,self storage REIT demand OR PSA OR EXR,Self-Storage REITs Release Financial Results for First-Quarter 2026 - Inside Self-Storage,Inside Self-Storage,"Tue, 05 May 2026 07:00:00 GMT","<a href=""https://news.google.com/rss/articles/CBMivAFBVV95cUxNR2s3V1RiMFRPWm5halUtM1ZndkkxVXlJR1Q5OEVwVGlUQUFzNHhPaVJOenhUaHh1S2ZwelVhbmxNVjFGOUZFWnpTajNmOHhjdUROcEd5QVlyVUdxdmliUV9wVUZaZFY5ZTRfblcyVlE0eFdGRzhtbjBCMzdSOFoxLU5Td0dtczJNTy1NQjFWVlJQdlV0T05YUGFaVmJ5RjlJdExNVXotNVJGV3RYcGtuNUxHclNod051Q0VNNQ?oc=5"" target=""_blank"">Self-Storage REITs Release Financial Results for First-Quarter 2026</a>&nbsp;&nbsp;<font color=""#6f6f6f"">Inside Self-Storage</font>",https://news.google.com/rss/articles/CBMivAFBVV95cUxNR2s3V1RiMFRPWm5halUtM1ZndkkxVXlJR1Q5OEVwVGlUQUFzNHhPaVJOenhUaHh1S2ZwelVhbmxNVjFGOUZFWnpTajNmOHhjdUROcEd5QVlyVUdxdmliUV9wVUZaZFY5ZTRfblcyVlE0eFdGRzhtbjBCMzdSOFoxLU5Td0dtczJNTy1NQjFWVlJQdlV0T05YUGFaVmJ5RjlJdExNVXotNVJGV3RYcGtuNUxHclNod051Q0VNNQ?oc=5
Specialty,specialty REIT cell tower casino net lease OR AMT OR CCI OR O,What We're Watching This REIT Earnings Season - Seeking Alpha,Seeking Alpha,"Wed, 22 Apr 2026 07:00:00 GMT","<a href=""https://news.google.com/rss/articles/CBMijgFBVV95cUxPb1JvZnFYWXFwSnlsZWpJNFhrWkJIOV9uZjhUckN2SGFEMmQxQndEdnhKUUhKUUxqbE9tcnM5bWMzMEFPYy1sYUttaGZyMWRDWnI1Z09xWjJKZFB1UElGNUNmSmQ3VkNUeUdWWGlOWmg2N2NJQmN3cmxVT2lYZjRHVnNFdGZCZ3I0T0VybHB3?oc=5"" target=""_blank"">What We're Watching This REIT Earnings Season</a>&nbsp;&nbsp;<font color=""#6f6f6f"">Seeking Alpha</font>",https://news.google.com/rss/articles/CBMijgFBVV95cUxPb1JvZnFYWXFwSnlsZWpJNFhrWkJIOV9uZjhUckN2SGFEMmQxQndEdnhKUUhKUUxqbE9tcnM5bWMzMEFPYy1sYUttaGZyMWRDWnI1Z09xWjJKZFB1UElGNUNmSmQ3VkNUeUdWWGlOWmg2N2NJQmN3cmxVT2lYZjRHVnNFdGZCZ3I0T0VybHB3?oc=5
Specialty,specialty REIT cell tower casino net lease OR AMT OR CCI OR O,Winners And Losers Of REIT Earnings Season - Seeking Alpha,Seeking Alpha,"Wed, 04 Mar 2026 08:00:00 GMT","<a href=""https://news.google.com/rss/articles/CBMiiwFBVV95cUxQZ3hleTZaZnVKTXBPbTlrdkdCWlY3YzF3Y2JuX3UtRGdnWnVlU2FVVGk4VDlXNWxuUEtjUllkcHQzVjhaYWJ1V1F1aTFKdXZfSEctTVhNZ1FKR2RXN054T0hzT2F2WGwtWDI0N3lFWjJkSkpOY0YzUmxOZTREd2s5TVhRd195LXFraE5z?oc=5"" target=""_blank"">Winners And Losers Of REIT Earnings Season</a>&nbsp;&nbsp;<font color=""#6f6f6f"">Seeking Alpha</font>",https://news.google.com/rss/articles/CBMiiwFBVV95cUxQZ3hleTZaZnVKTXBPbTlrdkdCWlY3YzF3Y2JuX3UtRGdnWnVlU2FVVGk4VDlXNWxuUEtjUllkcHQzVjhaYWJ1V1F1aTFKdXZfSEctTVhNZ1FKR2RXN054T0hzT2F2WGwtWDI0N3lFWjJkSkpOY0YzUmxOZTREd2s5TVhRd195LXFraE5z?oc=5
Specialty,specialty REIT cell tower casino net lease OR AMT OR CCI OR O,Don’t Put All Your REIT Eggs In One Basket - Seeking Alpha,Seeking Alpha,"Sun, 05 Apr 2026 07:00:00 GMT","<a href=""https://news.google.com/rss/articles/CBMijAFBVV95cUxOVVZlaEtKSXNwSm8xWDhxUEZHVnREajY3M0p2VkdEQnF1a3JlbjlTaUMtMkpvVHdwcm5FVi1JYU9Sd1hudi03ZnZRMXhWUG5ZMjhyQzJxOW5GUnJycXd2M0xpUWs4dlJvMHlBb0RFRGFRRmFGalJtOWNZY3I4YWk3WXRvMEFLX2Y3T1J2MQ?oc=5"" target=""_blank"">Don’t Put All Your REIT Eggs In One Basket</a>&nbsp;&nbsp;<font color=""#6f6f6f"">Seeking Alpha</font>",https://news.google.com/rss/articles/CBMijAFBVV95cUxOVVZlaEtKSXNwSm8xWDhxUEZHVnREajY3M0p2VkdEQnF1a3JlbjlTaUMtMkpvVHdwcm5FVi1JYU9Sd1hudi03ZnZRMXhWUG5ZMjhyQzJxOW5GUnJycXd2M0xpUWs4dlJvMHlBb0RFRGFRRmFGalJtOWNZY3I4YWk3WXRvMEFLX2Y3T1J2MQ?oc=5
Specialty,specialty REIT cell tower casino net lease OR AMT OR CCI OR O,Best Specialty REITs: 2026 Investment Guide - Benzinga,Benzinga,"Fri, 29 Nov 2024 08:00:00 GMT","<a href=""https://news.google.com/rss/articles/CBMiWkFVX3lxTE1QdDRMcHNsWjR4WUhiRnh0ZFk2bjdoUGZ4VDJrUmhuTmEzRUtzUVFuMmt2VGdXaHZCWjA5cGVKN09qVGE1UFJGRTZaRVQzVXFzcWphdmtFS1dPQQ?oc=5"" target=""_blank"">Best Specialty REITs: 2026 Investment Guide</a>&nbsp;&nbsp;<font color=""#6f6f6f"">Benzinga</font>",https://news.google.com/rss/articles/CBMiWkFVX3lxTE1QdDRMcHNsWjR4WUhiRnh0ZFk2bjdoUGZ4VDJrUmhuTmEzRUtzUVFuMmt2VGdXaHZCWjA5cGVKN09qVGE1UFJGRTZaRVQzVXFzcWphdmtFS1dPQQ?oc=5
Specialty,specialty REIT cell tower casino net lease OR AMT OR CCI OR O,Seeking Shelter In A Shifting Market - Seeking Alpha,Seeking Alpha,"Sun, 01 Mar 2026 08:00:00 GMT","<a href=""https://news.google.com/rss/articles/CBMigwFBVV95cUxNYXZDamd1U0lpUzFYdk5PeFh4Qlo4cUIwc0c5UnlKalZuaVJVZDQ3bzhHVElwcVJ0X2lnWTRGMldTTUxnUFBRY1diUlNsSWlGbnRQUlFRTU9sM1VlMXd0Y25XanhwamZMRE5Gdk15RFhtZVNXbEhQQWJPZXVwdF9OWGp6OA?oc=5"" target=""_blank"">Seeking Shelter In A Shifting Market</a>&nbsp;&nbsp;<font color=""#6f6f6f"">Seeking Alpha</font>",https://news.google.com/rss/articles/CBMigwFBVV95cUxNYXZDamd1U0lpUzFYdk5PeFh4Qlo4cUIwc0c5UnlKalZuaVJVZDQ3bzhHVElwcVJ0X2lnWTRGMldTTUxnUFBRY1diUlNsSWlGbnRQUlFRTU9sM1VlMXd0Y25XanhwamZMRE5Gdk15RFhtZVNXbEhQQWJPZXVwdF9OWGp6OA?oc=5
