sector,sector_index,rank,source_order,bloomberg_ticker,search_ticker,index_weight
Diversified,TENGVU Index,1,60,GMG AT,GMG,11.419969
Diversified,TENGVU Index,2,24,8802 JT,8802,6.879988
Diversified,TENGVU Index,3,23,8801 JT,8801,6.194289
Diversified,TENGVU Index,4,3,16 HK,16,5.766828
Diversified,TENGVU Index,5,93,WPC UN,WPC,4.005496
Diversified,TENGVU Index,6,27,8830 JT,8830,3.798417
Diversified,TENGVU Index,7,88,SPSN SE,SPSN,3.346311
Diversified,TENGVU Index,8,21,823 HK,823,3.282708
Diversified,TENGVU Index,9,51,CICT SP,CICT,2.6789
Diversified,TENGVU Index,10,83,PSPN SE,PSPN,2.149683
Diversified,TENGVU Index,11,79,MRL SQ,MRL,1.894889
Diversified,TENGVU Index,12,50,CHC AT,CHC,1.713873
Diversified,TENGVU Index,13,85,SGP AT,SGP,1.665049
Diversified,TENGVU Index,14,61,GPT AT,GPT,1.635729
Diversified,TENGVU Index,15,72,LAND LN,LAND,1.623753
Diversified,TENGVU Index,16,46,AZRG IT,AZRG,1.461799
Diversified,TENGVU Index,17,73,LMP LN,LMP,1.453131
Diversified,TENGVU Index,18,22,83 HK,83,1.433982
Diversified,TENGVU Index,19,48,BLND LN,BLND,1.368638
Diversified,TENGVU Index,20,1,12 HK,12,1.30324
Diversified,TENGVU Index,21,9,3003 JT,3003,1.217297
Diversified,TENGVU Index,22,6,1997 HK,1997,1.208854
Diversified,TENGVU Index,23,29,8953 JT,8953,1.168621
Diversified,TENGVU Index,24,74,MGR AT,MGR,1.164805
Diversified,TENGVU Index,25,54,CLI SP,CLI,1.145107
Diversified,TENGVU Index,26,58,DXS AT,DXS,1.034805
Diversified,TENGVU Index,27,47,BALDB SS,BALDB,0.981855
Diversified,TENGVU Index,28,26,8804 JT,8804,0.978972
Diversified,TENGVU Index,29,42,ALLN SE,ALLN,0.975035
Diversified,TENGVU Index,30,15,3462 JT,3462,0.973524
Diversified,TENGVU Index,31,49,BNL UN,BNL,0.94568
Diversified,TENGVU Index,32,76,MLSR IT,MLSR,0.919021
Diversified,TENGVU Index,33,37,8972 JT,8972,0.907357
Diversified,TENGVU Index,34,90,UOL SP,UOL,0.899383
Diversified,TENGVU Index,35,56,COV FP,COV,0.877683
Diversified,TENGVU Index,36,77,MOBN SE,MOBN,0.807813
Diversified,TENGVU Index,37,75,MINT SP,MINT,0.796568
Diversified,TENGVU Index,38,33,8960 JT,8960,0.795908
Diversified,TENGVU Index,39,30,8954 JT,8954,0.771955
Diversified,TENGVU Index,40,38,8984 JT,8984,0.764253
Diversified,TENGVU Index,41,10,3231 JT,3231,0.746654
Diversified,TENGVU Index,42,5,1972 HK,1972,0.716776
Diversified,TENGVU Index,43,86,SHC LN,SHC,0.677421
Diversified,TENGVU Index,44,52,CIT SP,CIT,0.661073
Diversified,TENGVU Index,45,45,AT1 GY,AT1,0.62664
Diversified,TENGVU Index,46,92,WIHL SS,WIHL,0.608815
Diversified,TENGVU Index,47,89,SUN SP,SUN,0.601608
Diversified,TENGVU Index,48,78,MPACT SP,MPACT,0.561826
Diversified,TENGVU Index,49,64,HR-U CT,HR-U,0.491032
Diversified,TENGVU Index,50,14,3309 JT,3309,0.478905
Diversified,TENGVU Index,51,53,CLAS SP,CLAS,0.463896
Diversified,TENGVU Index,52,11,3279 JT,3279,0.427964
Diversified,TENGVU Index,53,55,CLW AT,CLW,0.418975
Diversified,TENGVU Index,54,91,WALLB SS,WALLB,0.36844
Diversified,TENGVU Index,55,4,17 HK,17,0.356061
Diversified,TENGVU Index,56,2,14 HK,14,0.349381
Diversified,TENGVU Index,57,71,KW UN,KW,0.334286
Diversified,TENGVU Index,58,43,ALTRA SS,ALTRA,0.307071
Diversified,TENGVU Index,59,65,HUFVA SS,HUFVA,0.306627
Diversified,TENGVU Index,60,67,INTEAB SS,INTEAB,0.305806
Diversified,TENGVU Index,61,39,AAT UN,AAT,0.305629
Diversified,TENGVU Index,62,12,3295 JT,3295,0.298302
Diversified,TENGVU Index,63,68,ISN SE,ISN,0.281035
Diversified,TENGVU Index,64,66,INA AT,INA,0.27552
Diversified,TENGVU Index,65,34,8961 JT,8961,0.269749
Diversified,TENGVU Index,66,82,PCT NZ,PCT,0.264598
Diversified,TENGVU Index,67,31,8956 JT,8956,0.262643
Diversified,TENGVU Index,68,80,NP3 SS,NP3,0.239826
Diversified,TENGVU Index,69,32,8957 JT,8957,0.230744
Diversified,TENGVU Index,70,69,JBGS UN,JBGS,0.216101
Diversified,TENGVU Index,71,13,3296 JT,3296,0.213313
Diversified,TENGVU Index,72,35,8966 JT,8966,0.211661
Diversified,TENGVU Index,73,16,3468 JT,3468,0.204576
Diversified,TENGVU Index,74,70,KPG NZ,KPG,0.202717
Diversified,TENGVU Index,75,36,8968 JT,8968,0.194101
Diversified,TENGVU Index,76,63,HIAG SE,HIAG,0.186251
Diversified,TENGVU Index,77,57,DIOS SS,DIOS,0.181121
Diversified,TENGVU Index,78,44,APZ AT,APZ,0.168556
Diversified,TENGVU Index,79,19,395400 KP,395400,0.166941
Diversified,TENGVU Index,80,81,OUEREIT SP,OUEREIT,0.156488
Diversified,TENGVU Index,81,25,8803 JT,8803,0.143357
Diversified,TENGVU Index,82,7,2778 HK,2778,0.139928
Diversified,TENGVU Index,83,28,8923 JT,8923,0.13882
Diversified,TENGVU Index,84,17,3476 JT,3476,0.119948
Diversified,TENGVU Index,85,18,3492 JT,3492,0.111281
Diversified,TENGVU Index,86,62,HABA GY,HABA,0.10904
Diversified,TENGVU Index,87,84,SBBB SS,SBBB,0.087012
Diversified,TENGVU Index,88,87,SPG NZ,SPG,0.081921
Diversified,TENGVU Index,89,40,ABG AT,ABG,0.073033
Diversified,TENGVU Index,90,20,435 HK,435,0.072775
Diversified,TENGVU Index,91,8,2972 JT,2972,0.065478
Diversified,TENGVU Index,92,41,AEWU LN,AEWU,0.056129
Diversified,TENGVU Index,93,59,FPARA SS,FPARA,0.050979
Healthcare,TENGEU Index,1,24,WELL UN,WELL,50.695253
Healthcare,TENGEU Index,2,23,VTR UN,VTR,14.291541
Healthcare,TENGEU Index,3,15,OHI UN,OHI,5.000935
Healthcare,TENGEU Index,4,10,DOC UN,DOC,4.919619
Healthcare,TENGEU Index,5,8,CTRE UN,CTRE,3.269892
Healthcare,TENGEU Index,6,3,AHR UN,AHR,3.12121
Healthcare,TENGEU Index,7,4,ARE UN,ARE,3.11572
Healthcare,TENGEU Index,8,2,AED BB,AED,2.511841
Healthcare,TENGEU Index,9,11,HR UN,HR,2.387702
Healthcare,TENGEU Index,10,18,SBRA UW,SBRA,1.754998
Healthcare,TENGEU Index,11,7,CSH-U CT,CSH-U,1.70477
Healthcare,TENGEU Index,12,14,NHI UN,NHI,1.246927
Healthcare,TENGEU Index,13,16,PHP LN,PHP,1.172653
Healthcare,TENGEU Index,14,13,MPT UN,MPT,0.929853
Healthcare,TENGEU Index,15,9,DHC UW,DHC,0.666201
Healthcare,TENGEU Index,16,12,LTC UN,LTC,0.632574
Healthcare,TENGEU Index,17,19,SILA UN,SILA,0.621832
Healthcare,TENGEU Index,18,17,PREIT SP,PREIT,0.502282
Healthcare,TENGEU Index,19,20,THRL LN,THRL,0.335759
Healthcare,TENGEU Index,20,22,VITL-U CT,VITL-U,0.317069
Healthcare,TENGEU Index,21,5,COFB BB,COFB,0.275468
Healthcare,TENGEU Index,22,6,CPINV BB,CPINV,0.23065
Healthcare,TENGEU Index,23,21,VHP NZ,VHP,0.21264
Healthcare,TENGEU Index,24,1,3455 JT,3455,0.082608
Healthcare,TENGEU Index,25,25,,,
Healthcare,TENGEU Index,26,26,,,
Healthcare,TENGEU Index,27,27,,,
Healthcare,TENGEU Index,28,28,,,
Healthcare,TENGEU Index,29,29,,,
Healthcare,TENGEU Index,30,30,,,
Healthcare,TENGEU Index,31,31,,,
Healthcare,TENGEU Index,32,32,,,
Healthcare,TENGEU Index,33,33,,,
Healthcare,TENGEU Index,34,34,,,
Healthcare,TENGEU Index,35,35,,,
Healthcare,TENGEU Index,36,36,,,
Healthcare,TENGEU Index,37,37,,,
Healthcare,TENGEU Index,38,38,,,
Healthcare,TENGEU Index,39,39,,,
Healthcare,TENGEU Index,40,40,,,
Healthcare,TENGEU Index,41,41,,,
Healthcare,TENGEU Index,42,42,,,
Healthcare,TENGEU Index,43,43,,,
Healthcare,TENGEU Index,44,44,,,
Healthcare,TENGEU Index,45,45,,,
Healthcare,TENGEU Index,46,46,,,
Healthcare,TENGEU Index,47,47,,,
Healthcare,TENGEU Index,48,48,,,
Healthcare,TENGEU Index,49,49,,,
Healthcare,TENGEU Index,50,50,,,
Healthcare,TENGEU Index,51,51,,,
Healthcare,TENGEU Index,52,52,,,
Healthcare,TENGEU Index,53,53,,,
Healthcare,TENGEU Index,54,54,,,
Healthcare,TENGEU Index,55,55,,,
Healthcare,TENGEU Index,56,56,,,
Healthcare,TENGEU Index,57,57,,,
Healthcare,TENGEU Index,58,58,,,
Healthcare,TENGEU Index,59,59,,,
Healthcare,TENGEU Index,60,60,,,
Healthcare,TENGEU Index,61,61,,,
Healthcare,TENGEU Index,62,62,,,
Healthcare,TENGEU Index,63,63,,,
Healthcare,TENGEU Index,64,64,,,
Healthcare,TENGEU Index,65,65,,,
Healthcare,TENGEU Index,66,66,,,
Healthcare,TENGEU Index,67,67,,,
Healthcare,TENGEU Index,68,68,,,
Healthcare,TENGEU Index,69,69,,,
Healthcare,TENGEU Index,70,70,,,
Healthcare,TENGEU Index,71,71,,,
Healthcare,TENGEU Index,72,72,,,
Healthcare,TENGEU Index,73,73,,,
Healthcare,TENGEU Index,74,74,,,
Healthcare,TENGEU Index,75,75,,,
Healthcare,TENGEU Index,76,76,,,
Healthcare,TENGEU Index,77,77,,,
Healthcare,TENGEU Index,78,78,,,
Healthcare,TENGEU Index,79,79,,,
Healthcare,TENGEU Index,80,80,,,
Healthcare,TENGEU Index,81,81,,,
Healthcare,TENGEU Index,82,82,,,
Healthcare,TENGEU Index,83,83,,,
Healthcare,TENGEU Index,84,84,,,
Healthcare,TENGEU Index,85,85,,,
Healthcare,TENGEU Index,86,86,,,
Healthcare,TENGEU Index,87,87,,,
Healthcare,TENGEU Index,88,88,,,
Healthcare,TENGEU Index,89,89,,,
Healthcare,TENGEU Index,90,90,,,
Healthcare,TENGEU Index,91,91,,,
Healthcare,TENGEU Index,92,92,,,
Healthcare,TENGEU Index,93,93,,,
Industrial,TENGIU Index,1,29,PLD UN,PLD,53.372137
Industrial,TENGIU Index,2,31,SGRO LN,SGRO,5.534807
Industrial,TENGIU Index,3,18,EGP UN,EGP,4.268909
Industrial,TENGIU Index,4,30,REXR UN,REXR,3.346749
Industrial,TENGIU Index,5,20,FR UN,FR,3.161598
Industrial,TENGIU Index,6,33,STAG UN,STAG,2.837531
Industrial,TENGIU Index,7,35,TRNO UN,TRNO,2.654655
Industrial,TENGIU Index,8,12,BBOX LN,BBOX,2.062831
Industrial,TENGIU Index,9,37,WDP BB,WDP,1.975834
Industrial,TENGIU Index,10,15,COLD UN,COLD,1.809932
Industrial,TENGIU Index,11,22,GRT-U CT,GRT-U,1.702782
Industrial,TENGIU Index,12,4,3283 JT,3283,1.541792
Industrial,TENGIU Index,13,3,3281 JT,3281,1.491622
Industrial,TENGIU Index,14,27,MLT SP,MLT,1.301695
Industrial,TENGIU Index,15,24,LINE UW,LINE,1.287004
Industrial,TENGIU Index,16,26,LXP UN,LXP,1.199217
Industrial,TENGIU Index,17,16,DIR-U CT,DIR-U,1.179378
Industrial,TENGIU Index,18,2,3249 JT,3249,0.844782
Industrial,TENGIU Index,19,6,3471 JT,3471,0.802937
Industrial,TENGIU Index,20,13,CATE SS,CATE,0.797109
Industrial,TENGIU Index,21,28,MONT BB,MONT,0.66546
Industrial,TENGIU Index,22,23,IIPR UN,IIPR,0.652176
Industrial,TENGIU Index,23,10,8967 JT,8967,0.6037
Industrial,TENGIU Index,24,5,3466 JT,3466,0.588386
Industrial,TENGIU Index,25,14,CIP AT,CIP,0.539363
Industrial,TENGIU Index,26,36,VGP BB,VGP,0.524109
Industrial,TENGIU Index,27,21,GNZ NZ,GNZ,0.478195
Industrial,TENGIU Index,28,11,ARG FP,ARG,0.476272
Industrial,TENGIU Index,29,19,EREIT SP,EREIT,0.431465
Industrial,TENGIU Index,30,7,3481 JT,3481,0.40008
Industrial,TENGIU Index,31,32,SLPB SS,SLPB,0.353088
Industrial,TENGIU Index,32,17,DXI AT,DXI,0.222977
Industrial,TENGIU Index,33,8,3487 JT,3487,0.208928
Industrial,TENGIU Index,34,1,2979 JT,2979,0.191804
Industrial,TENGIU Index,35,25,LOGIB SS,LOGIB,0.178984
Industrial,TENGIU Index,36,9,365550 KP,365550,0.170927
Industrial,TENGIU Index,37,34,STEFB SS,STEFB,0.140783
Industrial,TENGIU Index,38,38,,,
Industrial,TENGIU Index,39,39,,,
Industrial,TENGIU Index,40,40,,,
Industrial,TENGIU Index,41,41,,,
Industrial,TENGIU Index,42,42,,,
Industrial,TENGIU Index,43,43,,,
Industrial,TENGIU Index,44,44,,,
Industrial,TENGIU Index,45,45,,,
Industrial,TENGIU Index,46,46,,,
Industrial,TENGIU Index,47,47,,,
Industrial,TENGIU Index,48,48,,,
Industrial,TENGIU Index,49,49,,,
Industrial,TENGIU Index,50,50,,,
Industrial,TENGIU Index,51,51,,,
Industrial,TENGIU Index,52,52,,,
Industrial,TENGIU Index,53,53,,,
Industrial,TENGIU Index,54,54,,,
Industrial,TENGIU Index,55,55,,,
Industrial,TENGIU Index,56,56,,,
Industrial,TENGIU Index,57,57,,,
Industrial,TENGIU Index,58,58,,,
Industrial,TENGIU Index,59,59,,,
Industrial,TENGIU Index,60,60,,,
Industrial,TENGIU Index,61,61,,,
Industrial,TENGIU Index,62,62,,,
Industrial,TENGIU Index,63,63,,,
Industrial,TENGIU Index,64,64,,,
Industrial,TENGIU Index,65,65,,,
Industrial,TENGIU Index,66,66,,,
Industrial,TENGIU Index,67,67,,,
Industrial,TENGIU Index,68,68,,,
Industrial,TENGIU Index,69,69,,,
Industrial,TENGIU Index,70,70,,,
Industrial,TENGIU Index,71,71,,,
Industrial,TENGIU Index,72,72,,,
Industrial,TENGIU Index,73,73,,,
Industrial,TENGIU Index,74,74,,,
Industrial,TENGIU Index,75,75,,,
Industrial,TENGIU Index,76,76,,,
Industrial,TENGIU Index,77,77,,,
Industrial,TENGIU Index,78,78,,,
Industrial,TENGIU Index,79,79,,,
Industrial,TENGIU Index,80,80,,,
Industrial,TENGIU Index,81,81,,,
Industrial,TENGIU Index,82,82,,,
Industrial,TENGIU Index,83,83,,,
Industrial,TENGIU Index,84,84,,,
Industrial,TENGIU Index,85,85,,,
Industrial,TENGIU Index,86,86,,,
Industrial,TENGIU Index,87,87,,,
Industrial,TENGIU Index,88,88,,,
Industrial,TENGIU Index,89,89,,,
Industrial,TENGIU Index,90,90,,,
Industrial,TENGIU Index,91,91,,,
Industrial,TENGIU Index,92,92,,,
Industrial,TENGIU Index,93,93,,,
Industrial / Office,TENGMU Index,1,6,CLAR SP,CLAR,26.783544
Industrial / Office,TENGMU Index,2,5,CAST SS,CAST,15.652564
Industrial / Office,TENGMU Index,3,15,SAGAB SS,SAGAB,12.804474
Industrial / Office,TENGMU Index,4,9,FLT SP,FLT,7.266242
Industrial / Office,TENGMU Index,5,17,SRE LN,SRE,6.690845
Industrial / Office,TENGMU Index,6,10,GNL UN,GNL,6.156079
Industrial / Office,TENGMU Index,7,3,AMOT IT,AMOT,5.413828
Industrial / Office,TENGMU Index,8,12,ICAD FP,ICAD,3.76932
Industrial / Office,TENGMU Index,9,2,AAREIT SP,AAREIT,2.680075
Industrial / Office,TENGMU Index,10,16,SERT SP,SERT,2.224837
Industrial / Office,TENGMU Index,11,13,PCTN LN,PCTN,1.70943
Industrial / Office,TENGMU Index,12,8,CREI LN,CREI,1.670381
Industrial / Office,TENGMU Index,13,14,PLAZB SS,PLAZB,1.646402
Industrial / Office,TENGMU Index,14,4,ARG NZ,ARG,1.62295
Industrial / Office,TENGMU Index,15,11,GOZ AT,GOZ,1.348719
Industrial / Office,TENGMU Index,16,18,SREI LN,SREI,0.95896
Industrial / Office,TENGMU Index,17,1,808 HK,808,0.810479
Industrial / Office,TENGMU Index,18,7,COREB SS,COREB,0.79087
Industrial / Office,TENGMU Index,19,19,,,
Industrial / Office,TENGMU Index,20,20,,,
Industrial / Office,TENGMU Index,21,21,,,
Industrial / Office,TENGMU Index,22,22,,,
Industrial / Office,TENGMU Index,23,23,,,
Industrial / Office,TENGMU Index,24,24,,,
Industrial / Office,TENGMU Index,25,25,,,
Industrial / Office,TENGMU Index,26,26,,,
Industrial / Office,TENGMU Index,27,27,,,
Industrial / Office,TENGMU Index,28,28,,,
Industrial / Office,TENGMU Index,29,29,,,
Industrial / Office,TENGMU Index,30,30,,,
Industrial / Office,TENGMU Index,31,31,,,
Industrial / Office,TENGMU Index,32,32,,,
Industrial / Office,TENGMU Index,33,33,,,
Industrial / Office,TENGMU Index,34,34,,,
Industrial / Office,TENGMU Index,35,35,,,
Industrial / Office,TENGMU Index,36,36,,,
Industrial / Office,TENGMU Index,37,37,,,
Industrial / Office,TENGMU Index,38,38,,,
Industrial / Office,TENGMU Index,39,39,,,
Industrial / Office,TENGMU Index,40,40,,,
Industrial / Office,TENGMU Index,41,41,,,
Industrial / Office,TENGMU Index,42,42,,,
Industrial / Office,TENGMU Index,43,43,,,
Industrial / Office,TENGMU Index,44,44,,,
Industrial / Office,TENGMU Index,45,45,,,
Industrial / Office,TENGMU Index,46,46,,,
Industrial / Office,TENGMU Index,47,47,,,
Industrial / Office,TENGMU Index,48,48,,,
Industrial / Office,TENGMU Index,49,49,,,
Industrial / Office,TENGMU Index,50,50,,,
Industrial / Office,TENGMU Index,51,51,,,
Industrial / Office,TENGMU Index,52,52,,,
Industrial / Office,TENGMU Index,53,53,,,
Industrial / Office,TENGMU Index,54,54,,,
Industrial / Office,TENGMU Index,55,55,,,
Industrial / Office,TENGMU Index,56,56,,,
Industrial / Office,TENGMU Index,57,57,,,
Industrial / Office,TENGMU Index,58,58,,,
Industrial / Office,TENGMU Index,59,59,,,
Industrial / Office,TENGMU Index,60,60,,,
Industrial / Office,TENGMU Index,61,61,,,
Industrial / Office,TENGMU Index,62,62,,,
Industrial / Office,TENGMU Index,63,63,,,
Industrial / Office,TENGMU Index,64,64,,,
Industrial / Office,TENGMU Index,65,65,,,
Industrial / Office,TENGMU Index,66,66,,,
Industrial / Office,TENGMU Index,67,67,,,
Industrial / Office,TENGMU Index,68,68,,,
Industrial / Office,TENGMU Index,69,69,,,
Industrial / Office,TENGMU Index,70,70,,,
Industrial / Office,TENGMU Index,71,71,,,
Industrial / Office,TENGMU Index,72,72,,,
Industrial / Office,TENGMU Index,73,73,,,
Industrial / Office,TENGMU Index,74,74,,,
Industrial / Office,TENGMU Index,75,75,,,
Industrial / Office,TENGMU Index,76,76,,,
Industrial / Office,TENGMU Index,77,77,,,
Industrial / Office,TENGMU Index,78,78,,,
Industrial / Office,TENGMU Index,79,79,,,
Industrial / Office,TENGMU Index,80,80,,,
Industrial / Office,TENGMU Index,81,81,,,
Industrial / Office,TENGMU Index,82,82,,,
Industrial / Office,TENGMU Index,83,83,,,
Industrial / Office,TENGMU Index,84,84,,,
Industrial / Office,TENGMU Index,85,85,,,
Industrial / Office,TENGMU Index,86,86,,,
Industrial / Office,TENGMU Index,87,87,,,
Industrial / Office,TENGMU Index,88,88,,,
Industrial / Office,TENGMU Index,89,89,,,
Industrial / Office,TENGMU Index,90,90,,,
Industrial / Office,TENGMU Index,91,91,,,
Industrial / Office,TENGMU Index,92,92,,,
Industrial / Office,TENGMU Index,93,93,,,
Lodging / Resorts,TENGOU Index,1,8,HST UW,HST,33.851803
Lodging / Resorts,TENGOU Index,2,13,RHP UN,RHP,14.98569
Lodging / Resorts,TENGOU Index,3,4,APLE UN,APLE,6.915832
Lodging / Resorts,TENGOU Index,4,2,8963 JT,8963,5.836248
Lodging / Resorts,TENGOU Index,5,3,8985 JT,8985,5.620242
Lodging / Resorts,TENGOU Index,6,10,PK UN,PK,5.086773
Lodging / Resorts,TENGOU Index,7,6,DRH UW,DRH,4.715709
Lodging / Resorts,TENGOU Index,8,11,PNDXB SS,PNDXB,4.216116
Lodging / Resorts,TENGOU Index,9,15,SHO UN,SHO,4.214003
Lodging / Resorts,TENGOU Index,10,9,PEB UN,PEB,3.737659
Lodging / Resorts,TENGOU Index,11,16,XHR UN,XHR,3.508936
Lodging / Resorts,TENGOU Index,12,14,RLJ UN,RLJ,2.575074
Lodging / Resorts,TENGOU Index,13,1,3287 JT,3287,1.704105
Lodging / Resorts,TENGOU Index,14,12,PPH LN,PPH,1.090788
Lodging / Resorts,TENGOU Index,15,5,CDREIT SP,CDREIT,1.026026
Lodging / Resorts,TENGOU Index,16,7,FEHT SP,FEHT,0.914996
Lodging / Resorts,TENGOU Index,17,17,,,
Lodging / Resorts,TENGOU Index,18,18,,,
Lodging / Resorts,TENGOU Index,19,19,,,
Lodging / Resorts,TENGOU Index,20,20,,,
Lodging / Resorts,TENGOU Index,21,21,,,
Lodging / Resorts,TENGOU Index,22,22,,,
Lodging / Resorts,TENGOU Index,23,23,,,
Lodging / Resorts,TENGOU Index,24,24,,,
Lodging / Resorts,TENGOU Index,25,25,,,
Lodging / Resorts,TENGOU Index,26,26,,,
Lodging / Resorts,TENGOU Index,27,27,,,
Lodging / Resorts,TENGOU Index,28,28,,,
Lodging / Resorts,TENGOU Index,29,29,,,
Lodging / Resorts,TENGOU Index,30,30,,,
Lodging / Resorts,TENGOU Index,31,31,,,
Lodging / Resorts,TENGOU Index,32,32,,,
Lodging / Resorts,TENGOU Index,33,33,,,
Lodging / Resorts,TENGOU Index,34,34,,,
Lodging / Resorts,TENGOU Index,35,35,,,
Lodging / Resorts,TENGOU Index,36,36,,,
Lodging / Resorts,TENGOU Index,37,37,,,
Lodging / Resorts,TENGOU Index,38,38,,,
Lodging / Resorts,TENGOU Index,39,39,,,
Lodging / Resorts,TENGOU Index,40,40,,,
Lodging / Resorts,TENGOU Index,41,41,,,
Lodging / Resorts,TENGOU Index,42,42,,,
Lodging / Resorts,TENGOU Index,43,43,,,
Lodging / Resorts,TENGOU Index,44,44,,,
Lodging / Resorts,TENGOU Index,45,45,,,
Lodging / Resorts,TENGOU Index,46,46,,,
Lodging / Resorts,TENGOU Index,47,47,,,
Lodging / Resorts,TENGOU Index,48,48,,,
Lodging / Resorts,TENGOU Index,49,49,,,
Lodging / Resorts,TENGOU Index,50,50,,,
Lodging / Resorts,TENGOU Index,51,51,,,
Lodging / Resorts,TENGOU Index,52,52,,,
Lodging / Resorts,TENGOU Index,53,53,,,
Lodging / Resorts,TENGOU Index,54,54,,,
Lodging / Resorts,TENGOU Index,55,55,,,
Lodging / Resorts,TENGOU Index,56,56,,,
Lodging / Resorts,TENGOU Index,57,57,,,
Lodging / Resorts,TENGOU Index,58,58,,,
Lodging / Resorts,TENGOU Index,59,59,,,
Lodging / Resorts,TENGOU Index,60,60,,,
Lodging / Resorts,TENGOU Index,61,61,,,
Lodging / Resorts,TENGOU Index,62,62,,,
Lodging / Resorts,TENGOU Index,63,63,,,
Lodging / Resorts,TENGOU Index,64,64,,,
Lodging / Resorts,TENGOU Index,65,65,,,
Lodging / Resorts,TENGOU Index,66,66,,,
Lodging / Resorts,TENGOU Index,67,67,,,
Lodging / Resorts,TENGOU Index,68,68,,,
Lodging / Resorts,TENGOU Index,69,69,,,
Lodging / Resorts,TENGOU Index,70,70,,,
Lodging / Resorts,TENGOU Index,71,71,,,
Lodging / Resorts,TENGOU Index,72,72,,,
Lodging / Resorts,TENGOU Index,73,73,,,
Lodging / Resorts,TENGOU Index,74,74,,,
Lodging / Resorts,TENGOU Index,75,75,,,
Lodging / Resorts,TENGOU Index,76,76,,,
Lodging / Resorts,TENGOU Index,77,77,,,
Lodging / Resorts,TENGOU Index,78,78,,,
Lodging / Resorts,TENGOU Index,79,79,,,
Lodging / Resorts,TENGOU Index,80,80,,,
Lodging / Resorts,TENGOU Index,81,81,,,
Lodging / Resorts,TENGOU Index,82,82,,,
Lodging / Resorts,TENGOU Index,83,83,,,
Lodging / Resorts,TENGOU Index,84,84,,,
Lodging / Resorts,TENGOU Index,85,85,,,
Lodging / Resorts,TENGOU Index,86,86,,,
Lodging / Resorts,TENGOU Index,87,87,,,
Lodging / Resorts,TENGOU Index,88,88,,,
Lodging / Resorts,TENGOU Index,89,89,,,
Lodging / Resorts,TENGOU Index,90,90,,,
Lodging / Resorts,TENGOU Index,91,91,,,
Lodging / Resorts,TENGOU Index,92,92,,,
Lodging / Resorts,TENGOU Index,93,93,,,
Office,TENGFU Index,1,14,BXP UN,BXP,11.124542
Office,TENGFU Index,2,30,HKL SP,HKL,9.013125
Office,TENGFU Index,3,5,8951 JT,8951,7.328313
Office,TENGFU Index,4,38,VNO UN,VNO,6.992721
Office,TENGFU Index,5,6,8952 JT,8952,5.57454
Office,TENGFU Index,6,20,CUZ UN,CUZ,5.232604
Office,TENGFU Index,7,27,GFC FP,GFC,5.175326
Office,TENGFU Index,8,32,KRC UN,KRC,4.73678
Office,TENGFU Index,9,16,CDP UN,CDP,4.239196
Office,TENGFU Index,10,37,SLG UN,SLG,3.779756
Office,TENGFU Index,11,29,HIW UN,HIW,3.387309
Office,TENGFU Index,12,23,DLN LN,DLN,3.215788
Office,TENGFU Index,13,19,COL SQ,COL,3.09051
Office,TENGFU Index,14,33,KREIT SP,KREIT,2.833288
Office,TENGFU Index,15,7,8955 JT,8955,2.49763
Office,TENGFU Index,16,22,DEI UN,DEI,2.205503
Office,TENGFU Index,17,28,GPE LN,GPE,1.940869
Office,TENGFU Index,18,26,FABG SS,FABG,1.90989
Office,TENGFU Index,19,12,AP-U CT,AP-U,1.410976
Office,TENGFU Index,20,2,3234 JT,3234,1.29903
Office,TENGFU Index,21,35,PDM UN,PDM,1.209831
Office,TENGFU Index,22,21,DEA UN,DEA,1.174617
Office,TENGFU Index,23,10,8976 JT,8976,1.1746
Office,TENGFU Index,24,11,8987 JT,8987,1.119284
Office,TENGFU Index,25,15,CAI AV,CAI,1.068194
Office,TENGFU Index,26,25,ESRT UN,ESRT,0.942605
Office,TENGFU Index,27,13,ATRLJB SS,ATRLJB,0.866728
Office,TENGFU Index,28,8,8958 JT,8958,0.760373
Office,TENGFU Index,29,39,WKP LN,WKP,0.729596
Office,TENGFU Index,30,17,CMW AT,CMW,0.582961
Office,TENGFU Index,31,24,ENTRA NO,ENTRA,0.577604
Office,TENGFU Index,32,9,8975 JT,8975,0.569233
Office,TENGFU Index,33,1,293940 KP,293940,0.483963
Office,TENGFU Index,34,18,COF AT,COF,0.375733
Office,TENGFU Index,35,34,NSI NA,NSI,0.353916
Office,TENGFU Index,36,3,3290 JT,3290,0.351199
Office,TENGFU Index,37,31,HLCL LN,HLCL,0.3215
Office,TENGFU Index,38,36,RGL LN,RGL,0.177657
Office,TENGFU Index,39,4,348950 KP,348950,0.172709
Office,TENGFU Index,40,40,,,
Office,TENGFU Index,41,41,,,
Office,TENGFU Index,42,42,,,
Office,TENGFU Index,43,43,,,
Office,TENGFU Index,44,44,,,
Office,TENGFU Index,45,45,,,
Office,TENGFU Index,46,46,,,
Office,TENGFU Index,47,47,,,
Office,TENGFU Index,48,48,,,
Office,TENGFU Index,49,49,,,
Office,TENGFU Index,50,50,,,
Office,TENGFU Index,51,51,,,
Office,TENGFU Index,52,52,,,
Office,TENGFU Index,53,53,,,
Office,TENGFU Index,54,54,,,
Office,TENGFU Index,55,55,,,
Office,TENGFU Index,56,56,,,
Office,TENGFU Index,57,57,,,
Office,TENGFU Index,58,58,,,
Office,TENGFU Index,59,59,,,
Office,TENGFU Index,60,60,,,
Office,TENGFU Index,61,61,,,
Office,TENGFU Index,62,62,,,
Office,TENGFU Index,63,63,,,
Office,TENGFU Index,64,64,,,
Office,TENGFU Index,65,65,,,
Office,TENGFU Index,66,66,,,
Office,TENGFU Index,67,67,,,
Office,TENGFU Index,68,68,,,
Office,TENGFU Index,69,69,,,
Office,TENGFU Index,70,70,,,
Office,TENGFU Index,71,71,,,
Office,TENGFU Index,72,72,,,
Office,TENGFU Index,73,73,,,
Office,TENGFU Index,74,74,,,
Office,TENGFU Index,75,75,,,
Office,TENGFU Index,76,76,,,
Office,TENGFU Index,77,77,,,
Office,TENGFU Index,78,78,,,
Office,TENGFU Index,79,79,,,
Office,TENGFU Index,80,80,,,
Office,TENGFU Index,81,81,,,
Office,TENGFU Index,82,82,,,
Office,TENGFU Index,83,83,,,
Office,TENGFU Index,84,84,,,
Office,TENGFU Index,85,85,,,
Office,TENGFU Index,86,86,,,
Office,TENGFU Index,87,87,,,
Office,TENGFU Index,88,88,,,
Office,TENGFU Index,89,89,,,
Office,TENGFU Index,90,90,,,
Office,TENGFU Index,91,91,,,
Office,TENGFU Index,92,92,,,
Office,TENGFU Index,93,93,,,
Residential,TENGAU Index,1,8,AVB UN,AVB,11.745262
Residential,TENGAU Index,2,15,EQR UN,EQR,11.257078
Residential,TENGAU Index,3,22,INVH UN,INVH,8.041288
Residential,TENGAU Index,4,16,ESS UN,ESS,7.970848
Residential,TENGAU Index,5,42,VNA GY,VNA,7.880014
Residential,TENGAU Index,6,30,MAA UN,MAA,6.733107
Residential,TENGAU Index,7,36,SUI UN,SUI,6.65634
Residential,TENGAU Index,8,39,UDR UN,UDR,5.460706
Residential,TENGAU Index,9,14,ELS UN,ELS,5.273099
Residential,TENGAU Index,10,11,CPT UN,CPT,5.056954
Residential,TENGAU Index,11,7,AMH UN,AMH,4.98087
Residential,TENGAU Index,12,27,LEG GY,LEG,2.15365
Residential,TENGAU Index,13,10,CAR-U CT,CAR-U,1.72504
Residential,TENGAU Index,14,25,IRT UN,IRT,1.705833
Residential,TENGAU Index,15,41,UTG LN,UTG,1.510166
Residential,TENGAU Index,16,38,TEG GY,TEG,1.356469
Residential,TENGAU Index,17,2,3269 JT,3269,1.111501
Residential,TENGAU Index,18,9,BEI-U CT,BEI-U,0.841603
Residential,TENGAU Index,19,1,3226 JT,3226,0.79965
Residential,TENGAU Index,20,26,KMP-U CT,KMP-U,0.716273
Residential,TENGAU Index,21,17,GRI LN,GRI,0.684836
Residential,TENGAU Index,22,29,LUMO FH,LUMO,0.583558
Residential,TENGAU Index,23,3,3282 JT,3282,0.566043
Residential,TENGAU Index,24,21,IIP-U CT,IIP-U,0.563925
Residential,TENGAU Index,25,43,XIOR BB,XIOR,0.553832
Residential,TENGAU Index,26,40,UMH UN,UMH,0.533347
Residential,TENGAU Index,27,6,8986 JT,8986,0.530094
Residential,TENGAU Index,28,12,CSR UN,CSR,0.502022
Residential,TENGAU Index,29,13,DWNI GY,DWNI,0.501449
Residential,TENGAU Index,30,24,IRES ID,IRES,0.293185
Residential,TENGAU Index,31,32,NXRT UN,NXRT,0.289193
Residential,TENGAU Index,32,23,IREN SE,IREN,0.241069
Residential,TENGAU Index,33,35,SOHO LN,SOHO,0.164089
Residential,TENGAU Index,34,18,GYC GY,GYC,0.162907
Residential,TENGAU Index,35,28,LIC AT,LIC,0.158867
Residential,TENGAU Index,36,5,8979 JT,8979,0.118287
Residential,TENGAU Index,37,33,PEAN SE,PEAN,0.108238
Residential,TENGAU Index,38,20,HOMI BB,HOMI,0.096208
Residential,TENGAU Index,39,4,3459 JT,3459,0.094227
Residential,TENGAU Index,40,37,SVEAF SS,SVEAF,0.089193
Residential,TENGAU Index,41,31,NEOBO SS,NEOBO,0.072014
Residential,TENGAU Index,42,19,HEBAB SS,HEBAB,0.061546
Residential,TENGAU Index,43,34,RESI LN,RESI,0.056119
Residential,TENGAU Index,44,44,,,
Residential,TENGAU Index,45,45,,,
Residential,TENGAU Index,46,46,,,
Residential,TENGAU Index,47,47,,,
Residential,TENGAU Index,48,48,,,
Residential,TENGAU Index,49,49,,,
Residential,TENGAU Index,50,50,,,
Residential,TENGAU Index,51,51,,,
Residential,TENGAU Index,52,52,,,
Residential,TENGAU Index,53,53,,,
Residential,TENGAU Index,54,54,,,
Residential,TENGAU Index,55,55,,,
Residential,TENGAU Index,56,56,,,
Residential,TENGAU Index,57,57,,,
Residential,TENGAU Index,58,58,,,
Residential,TENGAU Index,59,59,,,
Residential,TENGAU Index,60,60,,,
Residential,TENGAU Index,61,61,,,
Residential,TENGAU Index,62,62,,,
Residential,TENGAU Index,63,63,,,
Residential,TENGAU Index,64,64,,,
Residential,TENGAU Index,65,65,,,
Residential,TENGAU Index,66,66,,,
Residential,TENGAU Index,67,67,,,
Residential,TENGAU Index,68,68,,,
Residential,TENGAU Index,69,69,,,
Residential,TENGAU Index,70,70,,,
Residential,TENGAU Index,71,71,,,
Residential,TENGAU Index,72,72,,,
Residential,TENGAU Index,73,73,,,
Residential,TENGAU Index,74,74,,,
Residential,TENGAU Index,75,75,,,
Residential,TENGAU Index,76,76,,,
Residential,TENGAU Index,77,77,,,
Residential,TENGAU Index,78,78,,,
Residential,TENGAU Index,79,79,,,
Residential,TENGAU Index,80,80,,,
Residential,TENGAU Index,81,81,,,
Residential,TENGAU Index,82,82,,,
Residential,TENGAU Index,83,83,,,
Residential,TENGAU Index,84,84,,,
Residential,TENGAU Index,85,85,,,
Residential,TENGAU Index,86,86,,,
Residential,TENGAU Index,87,87,,,
Residential,TENGAU Index,88,88,,,
Residential,TENGAU Index,89,89,,,
Residential,TENGAU Index,90,90,,,
Residential,TENGAU Index,91,91,,,
Residential,TENGAU Index,92,92,,,
Residential,TENGAU Index,93,93,,,
Retail,TENGTU Index,1,50,SPG UN,SPG,20.663543
Retail,TENGTU Index,2,40,O UN,O,17.157033
Retail,TENGTU Index,3,31,KIM UN,KIM,4.970133
Retail,TENGTU Index,4,54,URW FP,URW,4.420444
Retail,TENGTU Index,5,47,SCG AT,SCG,4.330403
Retail,TENGTU Index,6,43,REG UW,REG,4.327333
Retail,TENGTU Index,7,25,FRT UN,FRT,3.178402
Retail,TENGTU Index,8,10,BRX UN,BRX,2.880294
Retail,TENGTU Index,9,33,LI FP,LI,2.650001
Retail,TENGTU Index,10,6,ADC UN,ADC,2.578558
Retail,TENGTU Index,11,37,NNN UN,NNN,2.56815
Retail,TENGTU Index,12,56,VCX AT,VCX,2.098174
Retail,TENGTU Index,13,35,MAC UN,MAC,1.924954
Retail,TENGTU Index,14,21,EPRT UN,EPRT,1.850822
Retail,TENGTU Index,15,32,KRG UN,KRG,1.823758
Retail,TENGTU Index,16,41,PECO UW,PECO,1.545152
Retail,TENGTU Index,17,44,REI-U CT,REI-U,1.458917
Retail,TENGTU Index,18,49,SKT UN,SKT,1.253646
Retail,TENGTU Index,19,23,FCR-U CT,FCR-U,1.120801
Retail,TENGTU Index,20,13,CHP-U CT,CHP-U,0.985148
Retail,TENGTU Index,21,7,AKR UN,AKR,0.891834
Retail,TENGTU Index,22,53,UE UN,UE,0.879082
Retail,TENGTU Index,23,18,CURB UN,CURB,0.869078
Retail,TENGTU Index,24,51,SRU-U CT,SRU-U,0.84032
Retail,TENGTU Index,25,22,FCPT UN,FCPT,0.800587
Retail,TENGTU Index,26,30,IVT UN,IVT,0.785085
Retail,TENGTU Index,27,28,HMSO LN,HMSO,0.740555
Retail,TENGTU Index,28,24,FCT SP,FCT,0.70645
Retail,TENGTU Index,29,46,RGN AT,RGN,0.586046
Retail,TENGTU Index,30,26,GTY UN,GTY,0.541824
Retail,TENGTU Index,31,42,PMZ-U CT,PMZ-U,0.522363
Retail,TENGTU Index,32,39,NTST UN,NTST,0.517424
Retail,TENGTU Index,33,11,BWP AT,BWP,0.507796
Retail,TENGTU Index,34,27,HDN AT,HDN,0.47961
Retail,TENGTU Index,35,15,CQR AT,CQR,0.466047
Retail,TENGTU Index,36,20,ECMPA NA,ECMPA,0.443129
Retail,TENGTU Index,37,52,SUPR LN,SUPR,0.435387
Retail,TENGTU Index,38,16,CRR-U CT,CRR-U,0.417815
Retail,TENGTU Index,39,1,3292 JT,3292,0.40191
Retail,TENGTU Index,40,36,MERY FP,MERY,0.393863
Retail,TENGTU Index,41,14,CIBUS SS,CIBUS,0.392001
Retail,TENGTU Index,42,4,8964 JT,8964,0.387248
Retail,TENGTU Index,43,12,CARM FP,CARM,0.374592
Retail,TENGTU Index,44,34,LREIT SP,LREIT,0.351724
Retail,TENGTU Index,45,58,WPR AT,WPR,0.323291
Retail,TENGTU Index,46,8,ALTA FP,ALTA,0.30042
Retail,TENGTU Index,47,45,RET BB,RET,0.298565
Retail,TENGTU Index,48,3,778 HK,778,0.293753
Retail,TENGTU Index,49,57,WHA NA,WHA,0.272841
Retail,TENGTU Index,50,48,SGREIT SP,SGREIT,0.187295
Retail,TENGTU Index,51,5,8977 JT,8977,0.179136
Retail,TENGTU Index,52,38,NRR LN,NRR,0.128302
Retail,TENGTU Index,53,9,ASCE BB,ASCE,0.109008
Retail,TENGTU Index,54,2,330590 KP,330590,0.108536
Retail,TENGTU Index,55,19,DEQ GY,DEQ,0.087752
Retail,TENGTU Index,56,29,IGD IM,IGD,0.087625
Retail,TENGTU Index,57,55,VASTB BB,VASTB,0.080142
Retail,TENGTU Index,58,17,CTY1S FH,CTY1S,0.025896
Retail,TENGTU Index,59,59,,,
Retail,TENGTU Index,60,60,,,
Retail,TENGTU Index,61,61,,,
Retail,TENGTU Index,62,62,,,
Retail,TENGTU Index,63,63,,,
Retail,TENGTU Index,64,64,,,
Retail,TENGTU Index,65,65,,,
Retail,TENGTU Index,66,66,,,
Retail,TENGTU Index,67,67,,,
Retail,TENGTU Index,68,68,,,
Retail,TENGTU Index,69,69,,,
Retail,TENGTU Index,70,70,,,
Retail,TENGTU Index,71,71,,,
Retail,TENGTU Index,72,72,,,
Retail,TENGTU Index,73,73,,,
Retail,TENGTU Index,74,74,,,
Retail,TENGTU Index,75,75,,,
Retail,TENGTU Index,76,76,,,
Retail,TENGTU Index,77,77,,,
Retail,TENGTU Index,78,78,,,
Retail,TENGTU Index,79,79,,,
Retail,TENGTU Index,80,80,,,
Retail,TENGTU Index,81,81,,,
Retail,TENGTU Index,82,82,,,
Retail,TENGTU Index,83,83,,,
Retail,TENGTU Index,84,84,,,
Retail,TENGTU Index,85,85,,,
Retail,TENGTU Index,86,86,,,
Retail,TENGTU Index,87,87,,,
Retail,TENGTU Index,88,88,,,
Retail,TENGTU Index,89,89,,,
Retail,TENGTU Index,90,90,,,
Retail,TENGTU Index,91,91,,,
Retail,TENGTU Index,92,92,,,
Retail,TENGTU Index,93,93,,,
Self Storage,TENGSU Index,1,6,PSA UN,PSA,48.827659
Self Storage,TENGSU Index,2,4,EXR UN,EXR,30.894806
Self Storage,TENGSU Index,3,3,CUBE UN,CUBE,9.304054
Self Storage,TENGSU Index,4,5,NSA UN,NSA,3.049926
Self Storage,TENGSU Index,5,2,BYG LN,BYG,2.16401
Self Storage,TENGSU Index,6,7,SAFE LN,SAFE,1.907329
Self Storage,TENGSU Index,7,9,SMA UN,SMA,1.765583
Self Storage,TENGSU Index,8,8,SHUR BB,SHUR,0.93099
Self Storage,TENGSU Index,9,10,SVI CT,SVI,0.736968
Self Storage,TENGSU Index,10,1,ASK AT,ASK,0.418675
Self Storage,TENGSU Index,11,11,,,
Self Storage,TENGSU Index,12,12,,,
Self Storage,TENGSU Index,13,13,,,
Self Storage,TENGSU Index,14,14,,,
Self Storage,TENGSU Index,15,15,,,
Self Storage,TENGSU Index,16,16,,,
Self Storage,TENGSU Index,17,17,,,
Self Storage,TENGSU Index,18,18,,,
Self Storage,TENGSU Index,19,19,,,
Self Storage,TENGSU Index,20,20,,,
Self Storage,TENGSU Index,21,21,,,
Self Storage,TENGSU Index,22,22,,,
Self Storage,TENGSU Index,23,23,,,
Self Storage,TENGSU Index,24,24,,,
Self Storage,TENGSU Index,25,25,,,
Self Storage,TENGSU Index,26,26,,,
Self Storage,TENGSU Index,27,27,,,
Self Storage,TENGSU Index,28,28,,,
Self Storage,TENGSU Index,29,29,,,
Self Storage,TENGSU Index,30,30,,,
Self Storage,TENGSU Index,31,31,,,
Self Storage,TENGSU Index,32,32,,,
Self Storage,TENGSU Index,33,33,,,
Self Storage,TENGSU Index,34,34,,,
Self Storage,TENGSU Index,35,35,,,
Self Storage,TENGSU Index,36,36,,,
Self Storage,TENGSU Index,37,37,,,
Self Storage,TENGSU Index,38,38,,,
Self Storage,TENGSU Index,39,39,,,
Self Storage,TENGSU Index,40,40,,,
Self Storage,TENGSU Index,41,41,,,
Self Storage,TENGSU Index,42,42,,,
Self Storage,TENGSU Index,43,43,,,
Self Storage,TENGSU Index,44,44,,,
Self Storage,TENGSU Index,45,45,,,
Self Storage,TENGSU Index,46,46,,,
Self Storage,TENGSU Index,47,47,,,
Self Storage,TENGSU Index,48,48,,,
Self Storage,TENGSU Index,49,49,,,
Self Storage,TENGSU Index,50,50,,,
Self Storage,TENGSU Index,51,51,,,
Self Storage,TENGSU Index,52,52,,,
Self Storage,TENGSU Index,53,53,,,
Self Storage,TENGSU Index,54,54,,,
Self Storage,TENGSU Index,55,55,,,
Self Storage,TENGSU Index,56,56,,,
Self Storage,TENGSU Index,57,57,,,
Self Storage,TENGSU Index,58,58,,,
Self Storage,TENGSU Index,59,59,,,
Self Storage,TENGSU Index,60,60,,,
Self Storage,TENGSU Index,61,61,,,
Self Storage,TENGSU Index,62,62,,,
Self Storage,TENGSU Index,63,63,,,
Self Storage,TENGSU Index,64,64,,,
Self Storage,TENGSU Index,65,65,,,
Self Storage,TENGSU Index,66,66,,,
Self Storage,TENGSU Index,67,67,,,
Self Storage,TENGSU Index,68,68,,,
Self Storage,TENGSU Index,69,69,,,
Self Storage,TENGSU Index,70,70,,,
Self Storage,TENGSU Index,71,71,,,
Self Storage,TENGSU Index,72,72,,,
Self Storage,TENGSU Index,73,73,,,
Self Storage,TENGSU Index,74,74,,,
Self Storage,TENGSU Index,75,75,,,
Self Storage,TENGSU Index,76,76,,,
Self Storage,TENGSU Index,77,77,,,
Self Storage,TENGSU Index,78,78,,,
Self Storage,TENGSU Index,79,79,,,
Self Storage,TENGSU Index,80,80,,,
Self Storage,TENGSU Index,81,81,,,
Self Storage,TENGSU Index,82,82,,,
Self Storage,TENGSU Index,83,83,,,
Self Storage,TENGSU Index,84,84,,,
Self Storage,TENGSU Index,85,85,,,
Self Storage,TENGSU Index,86,86,,,
Self Storage,TENGSU Index,87,87,,,
Self Storage,TENGSU Index,88,88,,,
Self Storage,TENGSU Index,89,89,,,
Self Storage,TENGSU Index,90,90,,,
Self Storage,TENGSU Index,91,91,,,
Self Storage,TENGSU Index,92,92,,,
Self Storage,TENGSU Index,93,93,,,
Data Center,ENGCT Index,1,5,EQIX UW,EQIX,47.310647
Data Center,ENGCT Index,2,4,DLR UN,DLR,29.325128
Data Center,ENGCT Index,3,6,IRM UN,IRM,17.08187
Data Center,ENGCT Index,4,8,NXT AT,NXT,3.926209
Data Center,ENGCT Index,5,7,KDCREIT SP,KDCREIT,1.593261
Data Center,ENGCT Index,6,3,DGT AT,DGT,0.342831
Data Center,ENGCT Index,7,1,1686 HK,1686,0.229942
Data Center,ENGCT Index,8,2,DCREIT SP,DCREIT,0.190112
Data Center,ENGCT Index,9,9,,,
Data Center,ENGCT Index,10,10,,,
Data Center,ENGCT Index,11,11,,,
Data Center,ENGCT Index,12,12,,,
Data Center,ENGCT Index,13,13,,,
Data Center,ENGCT Index,14,14,,,
Data Center,ENGCT Index,15,15,,,
Data Center,ENGCT Index,16,16,,,
Data Center,ENGCT Index,17,17,,,
Data Center,ENGCT Index,18,18,,,
Data Center,ENGCT Index,19,19,,,
Data Center,ENGCT Index,20,20,,,
Data Center,ENGCT Index,21,21,,,
Data Center,ENGCT Index,22,22,,,
Data Center,ENGCT Index,23,23,,,
Data Center,ENGCT Index,24,24,,,
Data Center,ENGCT Index,25,25,,,
Data Center,ENGCT Index,26,26,,,
Data Center,ENGCT Index,27,27,,,
Data Center,ENGCT Index,28,28,,,
Data Center,ENGCT Index,29,29,,,
Data Center,ENGCT Index,30,30,,,
Data Center,ENGCT Index,31,31,,,
Data Center,ENGCT Index,32,32,,,
Data Center,ENGCT Index,33,33,,,
Data Center,ENGCT Index,34,34,,,
Data Center,ENGCT Index,35,35,,,
Data Center,ENGCT Index,36,36,,,
Data Center,ENGCT Index,37,37,,,
Data Center,ENGCT Index,38,38,,,
Data Center,ENGCT Index,39,39,,,
Data Center,ENGCT Index,40,40,,,
Data Center,ENGCT Index,41,41,,,
Data Center,ENGCT Index,42,42,,,
Data Center,ENGCT Index,43,43,,,
Data Center,ENGCT Index,44,44,,,
Data Center,ENGCT Index,45,45,,,
Data Center,ENGCT Index,46,46,,,
Data Center,ENGCT Index,47,47,,,
Data Center,ENGCT Index,48,48,,,
Data Center,ENGCT Index,49,49,,,
Data Center,ENGCT Index,50,50,,,
Data Center,ENGCT Index,51,51,,,
Data Center,ENGCT Index,52,52,,,
Data Center,ENGCT Index,53,53,,,
Data Center,ENGCT Index,54,54,,,
Data Center,ENGCT Index,55,55,,,
Data Center,ENGCT Index,56,56,,,
Data Center,ENGCT Index,57,57,,,
Data Center,ENGCT Index,58,58,,,
Data Center,ENGCT Index,59,59,,,
Data Center,ENGCT Index,60,60,,,
Data Center,ENGCT Index,61,61,,,
Data Center,ENGCT Index,62,62,,,
Data Center,ENGCT Index,63,63,,,
Data Center,ENGCT Index,64,64,,,
Data Center,ENGCT Index,65,65,,,
Data Center,ENGCT Index,66,66,,,
Data Center,ENGCT Index,67,67,,,
Data Center,ENGCT Index,68,68,,,
Data Center,ENGCT Index,69,69,,,
Data Center,ENGCT Index,70,70,,,
Data Center,ENGCT Index,71,71,,,
Data Center,ENGCT Index,72,72,,,
Data Center,ENGCT Index,73,73,,,
Data Center,ENGCT Index,74,74,,,
Data Center,ENGCT Index,75,75,,,
Data Center,ENGCT Index,76,76,,,
Data Center,ENGCT Index,77,77,,,
Data Center,ENGCT Index,78,78,,,
Data Center,ENGCT Index,79,79,,,
Data Center,ENGCT Index,80,80,,,
Data Center,ENGCT Index,81,81,,,
Data Center,ENGCT Index,82,82,,,
Data Center,ENGCT Index,83,83,,,
Data Center,ENGCT Index,84,84,,,
Data Center,ENGCT Index,85,85,,,
Data Center,ENGCT Index,86,86,,,
Data Center,ENGCT Index,87,87,,,
Data Center,ENGCT Index,88,88,,,
Data Center,ENGCT Index,89,89,,,
Data Center,ENGCT Index,90,90,,,
Data Center,ENGCT Index,91,91,,,
Data Center,ENGCT Index,92,92,,,
Data Center,ENGCT Index,93,93,,,
Specialty,ENGYT Index,1,7,VICI UN,VICI,60.431922
Specialty,ENGYT Index,2,4,GLPI UW,GLPI,25.474384
Specialty,ENGYT Index,3,3,EPR UN,EPR,8.405958
Specialty,ENGYT Index,4,1,ARF AT,ARF,1.786916
Specialty,ENGYT Index,5,6,SAFE UN,SAFE,1.636431
Specialty,ENGYT Index,6,2,CQE AT,CQE,1.176187
Specialty,ENGYT Index,7,5,PUBLI NO,PUBLI,1.088203
Specialty,ENGYT Index,8,8,,,
Specialty,ENGYT Index,9,9,,,
Specialty,ENGYT Index,10,10,,,
Specialty,ENGYT Index,11,11,,,
Specialty,ENGYT Index,12,12,,,
Specialty,ENGYT Index,13,13,,,
Specialty,ENGYT Index,14,14,,,
Specialty,ENGYT Index,15,15,,,
Specialty,ENGYT Index,16,16,,,
Specialty,ENGYT Index,17,17,,,
Specialty,ENGYT Index,18,18,,,
Specialty,ENGYT Index,19,19,,,
Specialty,ENGYT Index,20,20,,,
Specialty,ENGYT Index,21,21,,,
Specialty,ENGYT Index,22,22,,,
Specialty,ENGYT Index,23,23,,,
Specialty,ENGYT Index,24,24,,,
Specialty,ENGYT Index,25,25,,,
Specialty,ENGYT Index,26,26,,,
Specialty,ENGYT Index,27,27,,,
Specialty,ENGYT Index,28,28,,,
Specialty,ENGYT Index,29,29,,,
Specialty,ENGYT Index,30,30,,,
Specialty,ENGYT Index,31,31,,,
Specialty,ENGYT Index,32,32,,,
Specialty,ENGYT Index,33,33,,,
Specialty,ENGYT Index,34,34,,,
Specialty,ENGYT Index,35,35,,,
Specialty,ENGYT Index,36,36,,,
Specialty,ENGYT Index,37,37,,,
Specialty,ENGYT Index,38,38,,,
Specialty,ENGYT Index,39,39,,,
Specialty,ENGYT Index,40,40,,,
Specialty,ENGYT Index,41,41,,,
Specialty,ENGYT Index,42,42,,,
Specialty,ENGYT Index,43,43,,,
Specialty,ENGYT Index,44,44,,,
Specialty,ENGYT Index,45,45,,,
Specialty,ENGYT Index,46,46,,,
Specialty,ENGYT Index,47,47,,,
Specialty,ENGYT Index,48,48,,,
Specialty,ENGYT Index,49,49,,,
Specialty,ENGYT Index,50,50,,,
Specialty,ENGYT Index,51,51,,,
Specialty,ENGYT Index,52,52,,,
Specialty,ENGYT Index,53,53,,,
Specialty,ENGYT Index,54,54,,,
Specialty,ENGYT Index,55,55,,,
Specialty,ENGYT Index,56,56,,,
Specialty,ENGYT Index,57,57,,,
Specialty,ENGYT Index,58,58,,,
Specialty,ENGYT Index,59,59,,,
Specialty,ENGYT Index,60,60,,,
Specialty,ENGYT Index,61,61,,,
Specialty,ENGYT Index,62,62,,,
Specialty,ENGYT Index,63,63,,,
Specialty,ENGYT Index,64,64,,,
Specialty,ENGYT Index,65,65,,,
Specialty,ENGYT Index,66,66,,,
Specialty,ENGYT Index,67,67,,,
Specialty,ENGYT Index,68,68,,,
Specialty,ENGYT Index,69,69,,,
Specialty,ENGYT Index,70,70,,,
Specialty,ENGYT Index,71,71,,,
Specialty,ENGYT Index,72,72,,,
Specialty,ENGYT Index,73,73,,,
Specialty,ENGYT Index,74,74,,,
Specialty,ENGYT Index,75,75,,,
Specialty,ENGYT Index,76,76,,,
Specialty,ENGYT Index,77,77,,,
Specialty,ENGYT Index,78,78,,,
Specialty,ENGYT Index,79,79,,,
Specialty,ENGYT Index,80,80,,,
Specialty,ENGYT Index,81,81,,,
Specialty,ENGYT Index,82,82,,,
Specialty,ENGYT Index,83,83,,,
Specialty,ENGYT Index,84,84,,,
Specialty,ENGYT Index,85,85,,,
Specialty,ENGYT Index,86,86,,,
Specialty,ENGYT Index,87,87,,,
Specialty,ENGYT Index,88,88,,,
Specialty,ENGYT Index,89,89,,,
Specialty,ENGYT Index,90,90,,,
Specialty,ENGYT Index,91,91,,,
Specialty,ENGYT Index,92,92,,,
Specialty,ENGYT Index,93,93,,,
